gas_ppm,temperature,motion,label
321.16,35.32,1,WARNING
66.84,24.37,1,SAFE
545.89,34.56,0,WARNING
146.27,20.58,0,SAFE
965.49,79.72,1,DANGER
269.37,21.24,0,SAFE
77.98,18.02,0,SAFE
510.26,37.53,0,WARNING
276.35,21.92,0,SAFE
635.69,69.82,0,DANGER
558.89,32.81,1,WARNING
284.87,27.83,0,SAFE
79.94,23.65,1,SAFE
374.58,38.68,1,WARNING
832.32,53.26,1,DANGER
101.97,22.09,0,SAFE
54.47,23.72,0,SAFE
60.79,21.28,0,SAFE
761.86,63.86,0,DANGER
781.98,66.87,1,DANGER
114.69,29.56,1,SAFE
197.71,24.22,0,SAFE
206.04,23.83,0,SAFE
371.95,30.67,1,WARNING
278.09,28.4,0,SAFE
871.25,74.45,0,DANGER
761.81,77.29,0,DANGER
149.4,18.79,0,SAFE
242.5,26.6,0,SAFE
244.15,20.7,0,SAFE
214.7,19.31,0,SAFE
512.82,30.37,0,WARNING
145.97,18.76,0,SAFE
658.98,79.25,1,DANGER
59.34,26.85,1,SAFE
185.68,22.34,0,SAFE
421.92,40.51,1,WARNING
215.05,25.38,1,SAFE
205.72,18.86,0,SAFE
209.11,29.77,0,SAFE
134.76,22.41,0,SAFE
139.19,21.3,0,SAFE
244.1,20.45,0,SAFE
248.82,25.18,0,SAFE
529.76,40.91,0,WARNING
494.81,39.3,1,WARNING
988.82,74.99,1,DANGER
95.46,20.35,0,SAFE
831.65,46.15,1,DANGER
359.59,37.78,1,WARNING
285.68,27.87,1,SAFE
559.52,42.27,1,WARNING
274.64,24.07,1,SAFE
975.08,76.71,1,DANGER
86.22,21.16,1,SAFE
900.32,54.07,1,DANGER
198.09,20.1,0,SAFE
81.87,23.85,0,SAFE
948.62,57.94,1,DANGER
185.48,27.17,1,SAFE
81.07,28.47,0,SAFE
206.98,20.21,0,SAFE
94.51,18.96,0,SAFE
224.25,26.85,0,SAFE
243.78,25.22,0,SAFE
267.88,24.23,0,SAFE
223.75,18.91,0,SAFE
143.31,27.6,0,SAFE
534.57,36.69,0,WARNING
145.22,24.72,0,SAFE
432.2,35.4,1,WARNING
747.32,50.94,1,DANGER
931.86,56.23,0,DANGER
521.38,36.69,0,WARNING
128.59,20.72,1,SAFE
202.66,23.36,0,SAFE
326.09,38.31,1,WARNING
741.94,54.92,1,DANGER
389.36,30.82,1,WARNING
656.2,64.24,1,DANGER
405.7,42.49,1,WARNING
538.93,42.32,1,WARNING
54.53,18.07,0,SAFE
385.26,31.57,0,WARNING
442.03,38.14,0,WARNING
121.21,19.07,0,SAFE
677.52,54.12,0,DANGER
188.84,23.77,0,SAFE
637.82,58.55,1,DANGER
811.95,79.16,1,DANGER
228.65,19.46,0,SAFE
249.39,18.09,1,SAFE
658.98,53.05,0,DANGER
122.92,26.16,1,SAFE
444.97,32.76,0,WARNING
123.3,28.63,0,SAFE
784.04,67.48,0,DANGER
355.29,39.64,1,WARNING
211.29,27.48,0,SAFE
300.07,42.66,1,WARNING
545.0,30.53,1,WARNING
215.63,23.8,1,SAFE
189.19,29.26,0,SAFE
354.84,34.84,0,WARNING
107.49,23.69,0,SAFE
181.1,21.54,0,SAFE
364.81,36.64,1,WARNING
239.46,25.22,1,SAFE
190.32,19.25,1,SAFE
393.88,39.74,0,WARNING
736.77,79.14,1,DANGER
277.73,23.4,1,SAFE
936.31,62.8,1,DANGER
480.74,35.12,0,WARNING
138.34,25.88,0,SAFE
329.87,41.83,1,WARNING
143.64,24.23,0,SAFE
259.0,18.99,0,SAFE
244.96,27.68,0,SAFE
430.11,32.16,0,WARNING
751.21,72.65,1,DANGER
181.6,23.99,1,SAFE
248.51,24.86,0,SAFE
302.09,42.76,1,WARNING
239.57,24.26,1,SAFE
433.75,34.61,1,WARNING
472.07,38.79,0,WARNING
105.49,27.58,0,SAFE
192.47,25.58,0,SAFE
185.41,29.47,0,SAFE
402.62,35.47,1,WARNING
111.81,27.36,0,SAFE
530.83,40.15,0,WARNING
336.75,44.76,1,WARNING
114.47,28.66,0,SAFE
68.19,21.24,0,SAFE
231.49,18.31,1,SAFE
526.37,42.19,0,WARNING
155.34,22.83,1,SAFE
327.4,38.16,1,WARNING
675.66,72.04,1,DANGER
200.01,24.01,1,SAFE
599.64,35.5,1,WARNING
882.2,48.32,1,DANGER
317.22,41.8,1,WARNING
244.29,19.06,0,SAFE
344.39,33.58,0,WARNING
429.54,30.98,0,WARNING
460.6,40.66,0,WARNING
252.34,23.51,0,SAFE
586.69,43.36,1,WARNING
635.03,72.5,1,DANGER
174.09,19.5,0,SAFE
362.73,37.3,1,WARNING
67.64,29.03,0,SAFE
480.28,39.4,1,WARNING
114.49,19.59,0,SAFE
666.73,78.28,1,DANGER
374.56,31.59,0,WARNING
924.24,72.42,1,DANGER
535.52,43.05,1,WARNING
542.48,44.04,1,WARNING
157.05,18.23,0,SAFE
150.87,26.03,0,SAFE
502.68,33.09,1,WARNING
233.28,23.24,0,SAFE
250.55,19.15,1,SAFE
634.36,60.97,0,DANGER
438.11,30.33,1,WARNING
299.16,23.57,0,SAFE
811.12,65.61,0,DANGER
978.55,66.15,1,DANGER
386.46,44.37,1,WARNING
127.93,25.22,1,SAFE
864.79,48.61,0,DANGER
162.85,24.22,0,SAFE
572.98,43.14,0,WARNING
389.3,38.91,1,WARNING
286.19,22.19,0,SAFE
356.96,30.4,1,WARNING
195.84,22.61,0,SAFE
605.11,65.48,1,DANGER
382.2,36.83,1,WARNING
911.15,71.54,1,DANGER
106.98,20.1,1,SAFE
284.18,20.08,1,SAFE
275.1,22.78,1,SAFE
416.76,35.06,0,WARNING
266.98,22.72,1,SAFE
407.16,37.88,0,WARNING
125.34,18.42,1,SAFE
69.24,26.85,0,SAFE
590.18,40.98,1,WARNING
292.33,28.47,0,SAFE
261.14,29.49,0,SAFE
876.25,69.05,1,DANGER
98.95,19.58,0,SAFE
881.15,47.79,1,DANGER
153.66,26.02,0,SAFE
284.04,29.51,0,SAFE
158.08,27.36,1,SAFE
402.49,37.39,0,WARNING
222.97,18.74,0,SAFE
922.99,75.95,0,DANGER
553.51,37.59,1,WARNING
205.74,29.41,1,SAFE
360.54,44.25,1,WARNING
528.12,35.91,0,WARNING
159.37,21.1,0,SAFE
540.55,37.4,1,WARNING
335.39,37.48,0,WARNING
425.69,31.15,0,WARNING
163.81,23.37,0,SAFE
445.69,31.49,1,WARNING
224.16,19.3,0,SAFE
265.78,20.78,1,SAFE
66.26,26.59,1,SAFE
207.96,23.38,1,SAFE
546.38,43.73,1,WARNING
526.86,38.17,0,WARNING
89.89,20.74,1,SAFE
366.2,42.87,0,WARNING
136.42,18.55,1,SAFE
687.73,48.14,0,DANGER
117.44,26.75,0,SAFE
167.17,23.05,0,SAFE
292.95,29.12,0,SAFE
499.42,35.64,1,WARNING
168.55,21.35,1,SAFE
271.8,23.14,0,SAFE
218.15,21.56,0,SAFE
521.84,35.31,0,WARNING
810.92,77.26,1,DANGER
92.37,29.71,0,SAFE
165.19,21.8,0,SAFE
271.49,19.06,0,SAFE
276.04,19.98,1,SAFE
517.21,32.8,1,WARNING
877.55,76.54,1,DANGER
168.02,18.8,0,SAFE
856.63,77.91,1,DANGER
149.75,22.73,1,SAFE
390.83,31.18,1,WARNING
508.82,32.19,0,WARNING
112.95,28.1,1,SAFE
142.66,26.49,1,SAFE
208.5,28.68,1,SAFE
61.36,26.74,0,SAFE
217.97,28.29,1,SAFE
792.05,65.94,1,DANGER
286.18,25.03,0,SAFE
226.62,20.28,0,SAFE
93.59,21.66,0,SAFE
107.67,19.71,0,SAFE
817.15,73.57,1,DANGER
805.83,52.56,1,DANGER
524.58,36.34,0,WARNING
655.3,49.96,1,DANGER
378.72,41.48,0,WARNING
390.29,37.39,0,WARNING
498.91,35.5,1,WARNING
408.89,44.63,1,WARNING
146.68,22.84,1,SAFE
104.56,22.29,1,SAFE
98.07,27.57,0,SAFE
399.65,36.28,1,WARNING
944.65,71.92,0,DANGER
860.32,56.67,0,DANGER
766.98,53.43,1,DANGER
180.77,28.1,0,SAFE
514.54,33.5,0,WARNING
150.48,21.59,0,SAFE
557.36,30.84,0,WARNING
188.86,29.66,0,SAFE
281.94,21.81,0,SAFE
149.06,18.56,1,SAFE
769.83,76.61,0,DANGER
252.38,28.92,1,SAFE
212.86,27.14,0,SAFE
208.38,29.03,0,SAFE
306.04,33.58,1,WARNING
138.92,20.42,1,SAFE
292.47,27.98,1,SAFE
87.17,29.3,0,SAFE
287.56,29.77,0,SAFE
577.82,35.67,1,WARNING
201.89,21.74,0,SAFE
628.94,78.93,0,DANGER
173.61,22.27,0,SAFE
154.56,18.75,0,SAFE
811.43,59.08,0,DANGER
740.39,78.73,0,DANGER
179.94,25.86,0,SAFE
418.07,33.38,1,WARNING
575.76,38.02,1,WARNING
794.99,62.17,1,DANGER
150.21,21.98,0,SAFE
684.28,54.5,1,DANGER
861.69,57.58,1,DANGER
176.31,27.13,1,SAFE
75.28,25.24,0,SAFE
259.25,22.42,0,SAFE
253.87,28.35,0,SAFE
427.95,33.16,0,WARNING
972.18,71.96,1,DANGER
102.34,24.06,0,SAFE
226.17,25.01,1,SAFE
599.08,44.32,1,WARNING
376.86,41.67,0,WARNING
288.72,25.73,1,SAFE
53.6,24.99,0,SAFE
92.44,27.25,0,SAFE
71.73,22.02,1,SAFE
507.52,36.16,0,WARNING
391.92,30.96,1,WARNING
440.57,38.59,1,WARNING
217.93,19.38,0,SAFE
956.73,46.81,1,DANGER
566.46,31.4,1,WARNING
583.51,37.93,1,WARNING
76.75,18.7,1,SAFE
266.38,24.15,0,SAFE
553.2,37.55,1,WARNING
336.39,43.39,1,WARNING
516.12,39.59,0,WARNING
498.69,43.16,0,WARNING
94.28,22.97,0,SAFE
573.84,31.36,1,WARNING
885.65,76.29,0,DANGER
384.55,40.46,0,WARNING
58.38,25.29,0,SAFE
143.17,23.93,0,SAFE
565.11,43.64,0,WARNING
72.87,22.32,1,SAFE
270.95,26.98,0,SAFE
680.06,65.68,1,DANGER
377.64,38.68,0,WARNING
102.67,21.39,0,SAFE
383.61,32.3,1,WARNING
251.42,20.71,0,SAFE
829.4,50.91,1,DANGER
158.46,25.36,0,SAFE
93.47,24.13,0,SAFE
924.1,54.59,1,DANGER
57.2,22.94,0,SAFE
216.9,18.3,0,SAFE
651.91,46.66,0,DANGER
274.2,21.45,0,SAFE
503.72,35.86,1,WARNING
287.52,28.52,0,SAFE
137.68,29.46,0,SAFE
609.37,76.22,0,DANGER
107.2,20.8,0,SAFE
458.28,40.76,1,WARNING
766.0,51.95,1,DANGER
89.11,25.5,1,SAFE
914.79,51.01,1,DANGER
53.27,27.01,0,SAFE
952.69,63.58,1,DANGER
194.67,20.88,0,SAFE
860.24,64.3,1,DANGER
483.4,44.72,1,WARNING
540.28,38.94,1,WARNING
254.27,21.66,1,SAFE
90.91,21.6,0,SAFE
286.82,20.35,1,SAFE
453.53,44.19,0,WARNING
156.37,22.29,0,SAFE
478.94,34.02,0,WARNING
303.6,42.38,1,WARNING
204.55,24.73,1,SAFE
137.65,18.62,0,SAFE
417.54,39.38,0,WARNING
300.18,38.7,1,WARNING
243.06,25.04,1,SAFE
447.89,32.2,0,WARNING
152.33,23.81,0,SAFE
327.43,41.05,1,WARNING
72.12,25.33,0,SAFE
535.02,30.77,1,WARNING
184.28,20.09,0,SAFE
565.57,34.85,1,WARNING
274.08,18.31,1,SAFE
277.11,21.32,0,SAFE
117.71,19.18,0,SAFE
973.59,49.04,1,DANGER
333.18,42.29,1,WARNING
135.45,20.61,0,SAFE
94.25,19.9,0,SAFE
240.26,19.34,0,SAFE
481.77,42.63,0,WARNING
316.15,34.11,0,WARNING
82.22,28.56,0,SAFE
582.44,37.89,1,WARNING
431.37,40.27,1,WARNING
362.91,40.4,1,WARNING
149.14,20.46,1,SAFE
269.16,28.2,0,SAFE
52.75,21.63,0,SAFE
974.74,65.64,0,DANGER
56.35,26.08,0,SAFE
890.85,72.59,0,DANGER
557.73,35.4,1,WARNING
845.67,60.72,0,DANGER
723.85,52.97,1,DANGER
565.85,36.17,1,WARNING
251.86,23.58,0,SAFE
702.84,64.31,1,DANGER
78.31,22.14,0,SAFE
502.99,41.39,1,WARNING
390.74,31.71,1,WARNING
290.66,18.25,0,SAFE
563.93,31.02,0,WARNING
173.13,23.11,0,SAFE
255.63,27.32,0,SAFE
99.89,29.92,0,SAFE
131.3,29.29,0,SAFE
90.31,25.81,0,SAFE
592.97,41.49,1,WARNING
129.83,21.67,0,SAFE
212.41,29.8,1,SAFE
385.56,36.82,0,WARNING
250.43,19.94,0,SAFE
246.59,19.48,0,SAFE
247.15,23.22,1,SAFE
117.02,19.69,0,SAFE
281.39,25.4,0,SAFE
70.34,18.92,1,SAFE
204.53,28.32,1,SAFE
275.29,18.97,0,SAFE
950.0,64.03,1,DANGER
94.36,20.96,0,SAFE
689.3,75.34,1,DANGER
136.47,18.12,0,SAFE
273.52,26.97,1,SAFE
156.55,27.28,0,SAFE
59.9,23.52,0,SAFE
543.54,39.45,1,WARNING
567.99,39.75,1,WARNING
84.84,25.24,1,SAFE
130.8,20.82,0,SAFE
320.46,33.53,1,WARNING
339.11,35.01,0,WARNING
165.87,21.72,0,SAFE
320.63,41.15,1,WARNING
290.3,18.52,0,SAFE
579.05,33.68,0,WARNING
875.81,67.55,1,DANGER
61.61,24.47,0,SAFE
772.13,52.74,1,DANGER
641.18,66.64,1,DANGER
56.1,22.89,0,SAFE
724.68,45.63,1,DANGER
176.81,26.55,1,SAFE
147.14,26.62,1,SAFE
269.33,27.87,0,SAFE
220.81,26.56,0,SAFE
182.41,25.28,1,SAFE
247.89,26.35,1,SAFE
219.39,22.57,0,SAFE
178.7,20.46,1,SAFE
79.38,19.42,0,SAFE
277.33,21.08,0,SAFE
209.39,22.85,0,SAFE
267.95,25.61,0,SAFE
515.62,38.59,0,WARNING
297.49,29.02,1,SAFE
195.76,21.73,0,SAFE
143.9,23.54,1,SAFE
888.15,49.77,1,DANGER
110.6,24.73,0,SAFE
335.76,42.34,1,WARNING
442.43,43.62,0,WARNING
224.01,23.85,0,SAFE
735.86,60.78,1,DANGER
711.29,49.09,1,DANGER
647.9,47.35,1,DANGER
792.97,56.53,1,DANGER
70.6,25.76,0,SAFE
247.68,27.19,0,SAFE
961.58,55.35,1,DANGER
119.66,26.5,0,SAFE
453.72,38.82,1,WARNING
556.0,42.54,0,WARNING
560.39,44.28,1,WARNING
962.23,60.38,0,DANGER
480.24,44.68,0,WARNING
885.88,77.92,1,DANGER
285.73,29.13,0,SAFE
810.98,71.05,1,DANGER
163.11,18.71,1,SAFE
337.15,34.42,1,WARNING
816.95,61.26,1,DANGER
609.76,65.83,1,DANGER
326.93,44.47,1,WARNING
150.19,24.93,0,SAFE
64.09,21.08,1,SAFE
317.54,40.08,1,WARNING
85.75,24.96,0,SAFE
995.69,58.09,0,DANGER
369.82,38.95,1,WARNING
59.83,19.69,0,SAFE
199.35,22.11,0,SAFE
671.54,71.63,1,DANGER
192.08,19.46,0,SAFE
574.95,30.85,1,WARNING
668.31,46.98,1,DANGER
134.97,26.89,1,SAFE
883.18,48.53,1,DANGER
296.1,29.81,0,SAFE
904.19,63.54,1,DANGER
106.62,27.67,0,SAFE
197.48,27.44,1,SAFE
463.71,36.83,0,WARNING
81.17,23.92,0,SAFE
984.57,70.54,0,DANGER
91.57,23.87,0,SAFE
118.35,29.78,1,SAFE
64.27,29.6,0,SAFE
318.73,43.92,0,WARNING
266.77,28.71,1,SAFE
117.17,19.39,0,SAFE
486.4,30.74,1,WARNING
299.22,22.34,0,SAFE
93.84,24.69,1,SAFE
557.17,42.51,1,WARNING
705.39,78.49,1,DANGER
435.85,42.05,1,WARNING
460.37,42.31,1,WARNING
814.63,56.02,1,DANGER
459.74,34.96,0,WARNING
64.46,25.55,0,SAFE
191.89,24.83,0,SAFE
831.15,70.98,0,DANGER
60.19,19.4,1,SAFE
472.95,33.83,1,WARNING
151.73,24.74,0,SAFE
967.95,46.83,1,DANGER
204.29,23.1,0,SAFE
295.99,20.96,0,SAFE
451.39,30.27,1,WARNING
412.45,30.26,1,WARNING
276.34,19.98,0,SAFE
368.24,37.91,0,WARNING
95.48,24.7,0,SAFE
62.99,29.32,1,SAFE
264.12,27.79,0,SAFE
515.4,43.02,1,WARNING
955.1,73.11,1,DANGER
199.21,27.53,0,SAFE
342.36,44.7,1,WARNING
415.35,35.25,1,WARNING
293.6,18.68,0,SAFE
493.72,36.53,0,WARNING
187.18,19.82,0,SAFE
728.28,74.37,0,DANGER
119.65,24.4,0,SAFE
148.27,29.96,0,SAFE
146.53,29.25,0,SAFE
295.01,18.78,1,SAFE
901.33,75.09,0,DANGER
461.51,38.28,1,WARNING
467.92,34.28,1,WARNING
66.43,19.71,1,SAFE
52.71,22.42,1,SAFE
585.62,42.64,1,WARNING
332.7,40.61,0,WARNING
292.37,26.33,1,SAFE
52.91,19.61,0,SAFE
762.65,74.91,0,DANGER
156.36,28.89,0,SAFE
266.54,24.4,0,SAFE
877.12,57.78,1,DANGER
172.16,27.24,0,SAFE
423.22,31.16,1,WARNING
162.11,26.66,0,SAFE
93.34,26.24,0,SAFE
296.21,24.09,0,SAFE
107.92,26.57,0,SAFE
244.97,24.59,0,SAFE
73.5,25.65,1,SAFE
175.66,25.49,0,SAFE
633.86,72.24,0,DANGER
848.59,51.42,1,DANGER
180.68,21.29,1,SAFE
339.22,39.93,1,WARNING
960.36,76.33,0,DANGER
553.84,37.56,0,WARNING
78.01,21.35,0,SAFE
487.63,41.43,1,WARNING
757.74,50.35,1,DANGER
800.14,45.77,1,DANGER
990.35,60.86,1,DANGER
226.69,18.45,0,SAFE
292.85,28.73,0,SAFE
276.89,18.83,0,SAFE
318.58,43.98,0,WARNING
60.22,22.75,0,SAFE
302.97,40.14,0,WARNING
104.8,20.66,0,SAFE
102.86,26.52,0,SAFE
183.15,29.72,0,SAFE
293.25,24.11,0,SAFE
452.33,40.24,0,WARNING
105.3,18.75,0,SAFE
371.72,30.91,1,WARNING
107.31,26.92,1,SAFE
336.11,41.35,1,WARNING
955.87,57.58,1,DANGER
345.52,32.27,0,WARNING
647.02,58.22,1,DANGER
290.54,24.86,0,SAFE
774.86,51.15,1,DANGER
178.17,24.24,1,SAFE
265.03,21.3,1,SAFE
899.3,60.44,1,DANGER
580.36,42.17,1,WARNING
161.48,21.19,0,SAFE
212.99,27.37,0,SAFE
258.11,29.47,0,SAFE
699.58,58.89,0,DANGER
72.8,25.44,1,SAFE
463.28,43.93,1,WARNING
370.07,32.64,1,WARNING
650.96,79.06,1,DANGER
473.95,32.27,1,WARNING
110.62,26.78,0,SAFE
85.62,23.35,0,SAFE
583.72,31.6,0,WARNING
231.43,23.85,0,SAFE
93.08,25.61,0,SAFE
609.03,79.08,1,DANGER
609.22,72.8,0,DANGER
454.55,42.64,1,WARNING
857.9,69.68,0,DANGER
296.82,18.26,0,SAFE
957.9,52.25,1,DANGER
205.52,28.53,1,SAFE
845.07,45.01,1,DANGER
96.61,23.96,0,SAFE
522.49,41.04,0,WARNING
286.15,22.43,0,SAFE
507.5,40.39,1,WARNING
665.0,52.33,1,DANGER
122.17,25.45,0,SAFE
278.87,26.25,0,SAFE
814.95,59.65,1,DANGER
285.06,28.1,1,SAFE
148.11,28.71,0,SAFE
425.22,32.16,1,WARNING
586.89,33.87,1,WARNING
74.29,24.58,1,SAFE
816.92,73.09,0,DANGER
653.68,46.43,0,DANGER
836.37,67.57,1,DANGER
302.73,40.7,1,WARNING
257.23,29.97,0,SAFE
753.27,53.99,1,DANGER
169.01,24.52,0,SAFE
819.57,66.21,0,DANGER
133.8,22.93,0,SAFE
714.1,70.59,1,DANGER
473.56,39.42,1,WARNING
52.84,25.71,0,SAFE
236.51,28.08,0,SAFE
588.22,41.35,1,WARNING
839.71,46.82,0,DANGER
224.18,28.48,0,SAFE
316.72,39.94,0,WARNING
493.66,39.84,1,WARNING
566.23,36.03,1,WARNING
520.38,44.5,0,WARNING
234.11,22.76,1,SAFE
864.76,58.41,1,DANGER
205.02,24.21,0,SAFE
995.74,53.57,0,DANGER
81.3,22.14,0,SAFE
286.53,26.75,0,SAFE
521.14,37.26,1,WARNING
101.46,20.76,0,SAFE
480.97,31.81,1,WARNING
315.05,34.46,1,WARNING
790.8,66.48,1,DANGER
114.95,20.39,0,SAFE
107.16,24.28,0,SAFE
394.66,32.36,0,WARNING
157.58,21.49,0,SAFE
557.26,40.55,1,WARNING
597.64,41.72,0,WARNING
69.64,29.94,1,SAFE
697.89,58.34,0,DANGER
895.26,75.22,1,DANGER
231.79,29.41,1,SAFE
428.9,38.65,0,WARNING
974.4,72.0,0,DANGER
768.36,78.27,1,DANGER
361.44,33.07,1,WARNING
978.43,57.4,1,DANGER
588.42,44.74,0,WARNING
71.97,29.53,1,SAFE
225.24,27.66,0,SAFE
553.16,35.14,1,WARNING
56.08,20.34,1,SAFE
377.29,41.96,0,WARNING
69.24,24.48,0,SAFE
441.49,37.68,1,WARNING
183.94,23.96,0,SAFE
121.64,18.8,1,SAFE
262.78,18.15,0,SAFE
824.46,52.69,0,DANGER
444.78,40.77,1,WARNING
58.3,29.42,0,SAFE
108.05,28.27,0,SAFE
220.82,19.44,0,SAFE
964.9,64.84,0,DANGER
68.37,26.32,0,SAFE
390.97,32.62,0,WARNING
249.85,21.43,0,SAFE
208.07,23.03,0,SAFE
266.82,23.49,1,SAFE
87.76,27.4,0,SAFE
598.3,35.24,0,WARNING
747.61,46.32,1,DANGER
212.3,22.92,0,SAFE
253.71,26.62,1,SAFE
57.49,20.01,0,SAFE
240.4,21.67,0,SAFE
466.2,44.79,0,WARNING
449.5,33.23,1,WARNING
149.46,25.71,0,SAFE
727.84,76.96,1,DANGER
359.01,33.86,0,WARNING
211.37,22.41,0,SAFE
968.92,71.14,1,DANGER
212.41,27.65,0,SAFE
907.91,56.99,1,DANGER
57.86,20.3,0,SAFE
223.99,29.61,0,SAFE
292.76,22.3,1,SAFE
911.81,55.63,0,DANGER
269.19,26.43,0,SAFE
235.68,24.93,0,SAFE
297.51,28.13,0,SAFE
204.46,26.37,0,SAFE
866.94,48.39,1,DANGER
137.3,18.82,0,SAFE
548.26,30.5,1,WARNING
733.08,68.71,1,DANGER
335.74,30.86,0,WARNING
84.38,26.34,0,SAFE
602.14,52.21,1,DANGER
172.9,22.47,1,SAFE
137.53,19.61,0,SAFE
384.99,44.3,1,WARNING
276.62,25.19,0,SAFE
779.84,51.34,1,DANGER
201.44,22.23,0,SAFE
207.35,20.23,0,SAFE
504.93,31.9,1,WARNING
117.69,28.15,0,SAFE
192.65,23.54,1,SAFE
651.28,74.84,0,DANGER
243.08,18.98,0,SAFE
500.08,31.64,1,WARNING
842.68,70.98,0,DANGER
236.9,24.99,1,SAFE
844.66,63.06,0,DANGER
691.01,74.93,1,DANGER
797.3,54.62,1,DANGER
311.81,41.74,1,WARNING
464.0,36.24,1,WARNING
88.34,25.33,0,SAFE
395.41,36.27,1,WARNING
223.16,24.17,0,SAFE
291.66,21.12,0,SAFE
163.05,18.61,0,SAFE
213.81,22.53,1,SAFE
747.75,55.15,1,DANGER
165.63,25.62,0,SAFE
61.33,20.37,0,SAFE
225.49,21.06,0,SAFE
387.41,33.18,0,WARNING
596.44,38.9,0,WARNING
81.9,20.88,0,SAFE
248.7,22.46,0,SAFE
195.15,19.45,1,SAFE
787.67,53.05,0,DANGER
714.5,72.73,1,DANGER
519.95,36.96,1,WARNING
494.62,36.89,1,WARNING
515.77,39.72,1,WARNING
198.77,19.57,0,SAFE
286.81,24.21,0,SAFE
119.22,25.38,1,SAFE
131.76,22.61,0,SAFE
372.35,40.68,0,WARNING
861.96,49.24,1,DANGER
240.26,25.47,0,SAFE
600.29,69.64,1,DANGER
798.52,66.11,1,DANGER
217.89,26.49,0,SAFE
584.31,44.65,0,WARNING
507.1,36.88,0,WARNING
179.58,23.86,0,SAFE
112.18,21.39,0,SAFE
461.47,30.27,1,WARNING
580.44,34.52,1,WARNING
90.73,28.16,0,SAFE
156.94,25.69,0,SAFE
51.27,25.44,0,SAFE
70.44,28.73,1,SAFE
310.94,30.2,1,WARNING
311.98,32.24,1,WARNING
144.95,21.48,0,SAFE
69.03,26.0,0,SAFE
975.02,56.74,1,DANGER
445.05,38.06,1,WARNING
99.0,22.93,0,SAFE
849.02,76.07,1,DANGER
259.72,28.49,0,SAFE
539.4,41.13,1,WARNING
103.24,24.15,1,SAFE
720.49,61.37,1,DANGER
207.78,25.38,0,SAFE
612.49,62.23,0,DANGER
316.42,43.67,0,WARNING
573.97,35.35,0,WARNING
174.29,27.93,0,SAFE
212.92,29.31,0,SAFE
108.4,28.87,0,SAFE
836.72,72.92,0,DANGER
231.19,19.71,1,SAFE
110.79,26.26,0,SAFE
249.7,29.37,0,SAFE
252.47,28.3,0,SAFE
64.39,27.53,1,SAFE
296.72,23.42,0,SAFE
442.53,44.19,1,WARNING
693.62,49.27,1,DANGER
609.55,50.34,0,DANGER
701.11,70.18,0,DANGER
885.33,60.87,0,DANGER
669.91,52.39,1,DANGER
550.25,36.89,1,WARNING
118.51,24.64,1,SAFE
96.13,27.64,0,SAFE
979.57,59.38,1,DANGER
293.37,26.13,0,SAFE
400.9,31.31,0,WARNING
107.5,21.54,0,SAFE
385.69,43.43,1,WARNING
423.2,34.94,1,WARNING
467.77,39.35,0,WARNING
487.01,44.48,1,WARNING
257.22,28.51,1,SAFE
248.95,28.09,1,SAFE
62.05,26.41,0,SAFE
301.94,33.71,1,WARNING
353.75,31.74,1,WARNING
622.53,67.02,1,DANGER
891.45,67.92,1,DANGER
190.23,29.35,0,SAFE
174.59,19.37,0,SAFE
111.34,25.48,0,SAFE
216.89,24.93,0,SAFE
965.74,69.43,0,DANGER
194.07,24.15,1,SAFE
480.96,40.7,0,WARNING
795.69,62.2,1,DANGER
622.55,63.54,1,DANGER
71.21,18.7,0,SAFE
287.45,18.78,1,SAFE
242.82,18.28,1,SAFE
621.43,61.0,0,DANGER
174.61,27.94,1,SAFE
292.48,29.24,0,SAFE
223.87,24.06,0,SAFE
560.86,32.94,0,WARNING
200.86,19.58,1,SAFE
157.91,19.21,0,SAFE
728.21,64.7,1,DANGER
324.47,30.46,1,WARNING
87.09,20.18,1,SAFE
515.24,35.78,1,WARNING
228.34,19.95,1,SAFE
758.51,67.44,1,DANGER
307.18,36.65,0,WARNING
665.57,64.41,1,DANGER
163.64,23.5,0,SAFE
368.09,31.06,0,WARNING
184.24,26.89,0,SAFE
939.84,61.4,1,DANGER
297.79,20.9,1,SAFE
226.56,23.98,1,SAFE
598.72,33.65,1,WARNING
812.77,61.26,1,DANGER
59.14,28.83,0,SAFE
551.73,44.93,0,WARNING
130.2,20.5,1,SAFE
131.33,28.8,1,SAFE
249.85,20.42,0,SAFE
253.23,20.38,0,SAFE
892.27,77.76,1,DANGER
96.21,25.6,0,SAFE
354.05,31.61,0,WARNING
296.92,28.6,0,SAFE
191.21,24.41,0,SAFE
191.99,23.72,1,SAFE
186.68,18.52,0,SAFE
232.72,19.35,0,SAFE
341.84,32.14,1,WARNING
707.15,78.61,0,DANGER
539.34,37.68,1,WARNING
57.31,25.89,0,SAFE
177.92,24.72,0,SAFE
68.05,27.13,0,SAFE
374.92,31.93,1,WARNING
828.96,48.35,1,DANGER
126.98,27.37,0,SAFE
246.29,21.08,0,SAFE
849.88,71.73,1,DANGER
262.31,20.87,1,SAFE
988.49,55.33,1,DANGER
249.57,26.26,1,SAFE
526.94,37.35,1,WARNING
254.46,23.25,0,SAFE
142.13,27.42,0,SAFE
393.66,34.12,1,WARNING
161.5,22.89,0,SAFE
472.7,38.9,1,WARNING
210.82,25.87,0,SAFE
219.13,28.34,0,SAFE
494.54,32.88,0,WARNING
563.78,30.98,1,WARNING
589.97,35.68,1,WARNING
316.09,33.9,1,WARNING
326.23,40.24,0,WARNING
198.23,21.8,0,SAFE
584.33,40.11,1,WARNING
232.9,18.15,0,SAFE
866.31,73.21,1,DANGER
103.96,18.87,0,SAFE
254.32,19.95,1,SAFE
278.57,22.08,0,SAFE
285.11,27.93,0,SAFE
172.21,18.94,0,SAFE
173.15,23.57,0,SAFE
821.67,51.25,1,DANGER
435.11,36.1,0,WARNING
293.7,22.77,0,SAFE
350.34,31.37,1,WARNING
517.61,42.33,1,WARNING
175.78,21.43,0,SAFE
618.67,45.78,1,DANGER
287.72,28.78,0,SAFE
206.46,25.75,0,SAFE
358.89,37.37,1,WARNING
788.31,70.51,1,DANGER
131.87,21.77,0,SAFE
617.54,64.18,0,DANGER
101.61,23.29,0,SAFE
76.65,22.03,1,SAFE
140.77,22.18,0,SAFE
650.04,58.61,1,DANGER
837.19,51.63,1,DANGER
266.09,29.9,0,SAFE
754.49,57.1,1,DANGER
219.78,22.29,0,SAFE
187.71,29.57,0,SAFE
253.96,28.07,0,SAFE
814.56,49.46,0,DANGER
402.55,36.26,0,WARNING
162.64,20.7,0,SAFE
267.52,22.89,1,SAFE
605.2,74.84,1,DANGER
538.2,39.79,1,WARNING
354.2,44.16,0,WARNING
572.88,43.0,1,WARNING
397.85,37.38,1,WARNING
88.13,24.86,1,SAFE
195.85,29.66,0,SAFE
944.45,63.63,1,DANGER
528.66,36.17,1,WARNING
165.5,23.78,0,SAFE
580.62,33.87,1,WARNING
793.94,57.52,0,DANGER
490.6,36.28,1,WARNING
137.22,26.72,1,SAFE
201.68,21.52,1,SAFE
354.55,33.31,0,WARNING
865.52,49.43,1,DANGER
77.51,29.49,0,SAFE
374.09,39.85,1,WARNING
595.11,41.82,1,WARNING
569.77,37.59,0,WARNING
251.55,19.0,1,SAFE
147.3,29.5,1,SAFE
270.22,28.2,1,SAFE
138.66,27.64,0,SAFE
105.05,20.0,0,SAFE
612.42,52.04,1,DANGER
69.43,18.83,1,SAFE
296.02,26.49,0,SAFE
234.47,24.36,1,SAFE
93.3,23.27,0,SAFE
350.75,39.29,1,WARNING
387.26,36.11,0,WARNING
112.95,23.67,0,SAFE
411.29,31.46,1,WARNING
71.34,18.15,1,SAFE
212.81,22.14,0,SAFE
534.53,38.24,1,WARNING
209.36,21.56,0,SAFE
168.3,24.53,1,SAFE
853.31,67.3,1,DANGER
550.93,31.69,1,WARNING
75.45,23.66,0,SAFE
410.74,34.67,1,WARNING
214.4,19.71,0,SAFE
399.49,39.58,1,WARNING
125.24,23.91,0,SAFE
282.74,26.34,0,SAFE
70.88,23.21,0,SAFE
556.36,31.94,0,WARNING
721.9,61.56,1,DANGER
127.75,29.85,1,SAFE
188.54,24.5,1,SAFE
200.79,28.56,0,SAFE
215.88,18.85,0,SAFE
95.53,26.75,0,SAFE
542.99,42.66,0,WARNING
603.72,52.02,0,DANGER
173.07,23.03,0,SAFE
57.63,19.8,0,SAFE
344.55,31.01,1,WARNING
437.56,40.56,1,WARNING
80.16,27.52,0,SAFE
469.32,33.72,1,WARNING
123.62,22.61,1,SAFE
677.38,53.6,0,DANGER
471.26,39.76,1,WARNING
426.51,37.28,0,WARNING
947.52,69.22,0,DANGER
51.16,26.57,0,SAFE
742.0,45.3,0,DANGER
96.28,27.93,0,SAFE
478.61,39.83,0,WARNING
157.99,20.92,0,SAFE
392.35,32.5,0,WARNING
118.41,18.21,0,SAFE
881.8,75.76,0,DANGER
572.86,43.3,1,WARNING
430.58,38.26,1,WARNING
287.95,29.82,0,SAFE
426.22,35.42,0,WARNING
400.74,37.45,1,WARNING
155.43,18.47,0,SAFE
383.03,35.53,0,WARNING
147.04,27.32,1,SAFE
357.8,30.79,0,WARNING
358.49,32.15,1,WARNING
369.32,34.0,1,WARNING
149.63,29.32,0,SAFE
222.1,23.8,0,SAFE
117.25,19.77,0,SAFE
525.63,33.67,1,WARNING
403.51,31.53,0,WARNING
822.97,69.76,1,DANGER
898.89,60.44,1,DANGER
393.78,36.14,0,WARNING
131.3,19.64,0,SAFE
398.37,41.58,0,WARNING
96.64,26.11,0,SAFE
226.39,25.52,0,SAFE
51.74,19.16,1,SAFE
371.24,40.79,0,WARNING
249.36,29.48,0,SAFE
263.92,20.0,0,SAFE
985.57,46.12,0,DANGER
130.74,20.22,0,SAFE
269.37,27.13,0,SAFE
346.73,38.06,1,WARNING
152.11,26.24,1,SAFE
160.38,25.06,0,SAFE
165.92,27.02,0,SAFE
569.22,37.59,1,WARNING
936.0,58.82,0,DANGER
778.68,60.69,1,DANGER
170.38,26.09,0,SAFE
100.04,25.12,0,SAFE
175.38,21.78,1,SAFE
272.57,26.75,0,SAFE
490.42,30.13,1,WARNING
130.92,21.12,1,SAFE
541.55,32.39,1,WARNING
311.52,39.56,1,WARNING
242.73,20.35,1,SAFE
805.1,69.01,0,DANGER
428.74,38.64,0,WARNING
169.97,18.92,1,SAFE
273.14,24.69,0,SAFE
569.22,33.69,0,WARNING
512.9,42.04,0,WARNING
134.5,28.82,0,SAFE
849.92,47.05,1,DANGER
583.41,42.65,1,WARNING
645.35,59.72,1,DANGER
839.77,71.35,1,DANGER
185.32,24.19,0,SAFE
572.78,33.49,0,WARNING
436.69,31.99,0,WARNING
231.52,22.2,0,SAFE
353.73,32.45,0,WARNING
275.18,20.65,0,SAFE
845.27,66.2,1,DANGER
287.38,28.45,0,SAFE
339.68,40.82,1,WARNING
875.66,68.43,1,DANGER
766.31,59.37,1,DANGER
80.53,28.18,0,SAFE
396.12,34.64,0,WARNING
290.27,22.26,0,SAFE
960.77,45.55,1,DANGER
123.4,22.73,0,SAFE
113.11,23.13,0,SAFE
80.14,18.17,1,SAFE
166.4,25.64,0,SAFE
365.63,35.64,1,WARNING
62.92,29.48,0,SAFE
352.32,40.32,0,WARNING
556.18,44.52,1,WARNING
185.67,23.08,0,SAFE
437.37,31.25,1,WARNING
230.57,22.49,1,SAFE
329.21,42.52,1,WARNING
320.28,38.74,1,WARNING
161.33,23.97,0,SAFE
248.7,21.68,0,SAFE
253.45,20.99,0,SAFE
777.79,51.88,1,DANGER
266.76,25.88,1,SAFE
267.04,27.11,0,SAFE
616.88,47.21,0,DANGER
251.64,20.41,0,SAFE
278.71,23.47,1,SAFE
501.51,39.15,0,WARNING
67.8,26.79,1,SAFE
159.65,20.3,0,SAFE
591.02,42.06,1,WARNING
562.77,37.51,1,WARNING
357.04,33.78,1,WARNING
522.2,33.01,0,WARNING
284.96,28.92,1,SAFE
76.97,28.73,0,SAFE
425.61,41.4,0,WARNING
88.81,19.48,0,SAFE
197.57,26.26,0,SAFE
429.1,32.47,0,WARNING
266.18,25.85,0,SAFE
183.15,18.95,1,SAFE
215.0,28.34,0,SAFE
66.96,22.96,0,SAFE
569.39,33.55,1,WARNING
258.73,27.92,0,SAFE
147.77,28.26,0,SAFE
340.33,32.34,1,WARNING
378.25,41.43,1,WARNING
654.21,49.31,1,DANGER
479.19,38.0,1,WARNING
141.07,28.87,0,SAFE
765.77,66.62,1,DANGER
109.89,21.64,0,SAFE
52.44,27.52,0,SAFE
467.31,33.73,1,WARNING
253.64,18.58,1,SAFE
220.06,18.54,1,SAFE
421.6,38.54,1,WARNING
780.01,69.86,1,DANGER
141.59,19.22,0,SAFE
867.75,79.34,0,DANGER
109.41,22.76,1,SAFE
163.32,23.06,0,SAFE
95.36,22.92,1,SAFE
999.56,58.92,1,DANGER
683.46,62.02,1,DANGER
253.2,27.46,1,SAFE
866.11,61.19,1,DANGER
84.82,28.55,0,SAFE
249.96,23.5,0,SAFE
801.56,50.47,0,DANGER
471.27,43.09,0,WARNING
69.61,27.17,0,SAFE
180.08,24.52,0,SAFE
582.3,33.55,1,WARNING
222.38,26.75,0,SAFE
179.08,25.94,0,SAFE
185.66,25.37,1,SAFE
78.71,19.33,0,SAFE
248.8,20.09,0,SAFE
384.77,41.98,1,WARNING
206.06,19.38,1,SAFE
779.36,62.73,1,DANGER
96.38,18.91,0,SAFE
114.86,29.86,0,SAFE
361.23,39.78,1,WARNING
367.31,42.4,0,WARNING
261.04,29.68,1,SAFE
664.29,62.17,0,DANGER
215.92,20.73,1,SAFE
103.08,18.22,0,SAFE
152.18,23.16,1,SAFE
162.71,19.37,0,SAFE
835.52,70.61,1,DANGER
61.3,24.39,1,SAFE
803.65,60.1,1,DANGER
72.82,19.79,0,SAFE
993.44,65.66,1,DANGER
563.32,42.54,1,WARNING
876.25,76.42,0,DANGER
209.63,21.63,1,SAFE
350.48,40.66,0,WARNING
401.77,32.0,0,WARNING
207.24,25.64,0,SAFE
410.04,37.78,0,WARNING
409.02,33.09,1,WARNING
529.4,38.66,1,WARNING
841.29,60.82,1,DANGER
187.98,19.99,0,SAFE
73.42,21.64,0,SAFE
105.12,21.26,0,SAFE
852.24,72.83,1,DANGER
200.28,25.29,0,SAFE
251.96,28.07,0,SAFE
152.24,21.55,0,SAFE
271.93,23.77,0,SAFE
345.94,37.29,1,WARNING
112.32,24.23,0,SAFE
363.52,31.26,0,WARNING
174.31,24.25,0,SAFE
274.02,18.72,0,SAFE
404.09,43.93,1,WARNING
710.97,45.49,1,DANGER
227.04,22.85,1,SAFE
635.09,49.64,1,DANGER
626.24,70.21,1,DANGER
464.67,41.04,1,WARNING
267.87,26.03,1,SAFE
168.66,18.66,0,SAFE
441.49,34.1,1,WARNING
642.45,73.06,1,DANGER
604.71,55.14,1,DANGER
721.06,61.38,0,DANGER
523.56,38.69,1,WARNING
935.14,62.86,0,DANGER
70.06,20.1,1,SAFE
178.9,25.93,0,SAFE
306.3,32.53,0,WARNING
210.22,29.57,0,SAFE
59.17,18.0,0,SAFE
74.86,26.47,0,SAFE
558.43,31.89,1,WARNING
228.96,24.2,0,SAFE
327.73,35.25,0,WARNING
106.07,23.52,0,SAFE
554.26,41.67,1,WARNING
487.05,42.22,1,WARNING
226.81,27.63,0,SAFE
828.13,46.89,0,DANGER
773.62,75.42,1,DANGER
567.34,44.55,1,WARNING
965.53,78.2,0,DANGER
998.19,55.68,0,DANGER
278.31,29.46,0,SAFE
99.68,20.02,0,SAFE
399.05,39.69,1,WARNING
91.76,26.19,0,SAFE
135.2,24.66,1,SAFE
132.19,28.91,1,SAFE
322.47,39.68,1,WARNING
593.19,33.06,0,WARNING
224.54,21.14,0,SAFE
358.95,37.76,1,WARNING
406.44,44.99,1,WARNING
807.29,59.82,1,DANGER
676.75,49.21,1,DANGER
342.84,35.6,1,WARNING
195.49,18.75,0,SAFE
310.68,34.9,1,WARNING
52.3,19.27,1,SAFE
180.77,28.23,0,SAFE
709.88,54.42,0,DANGER
153.7,26.77,1,SAFE
267.69,23.72,0,SAFE
53.25,25.75,0,SAFE
55.82,24.1,0,SAFE
574.5,36.57,0,WARNING
775.79,52.48,0,DANGER
824.14,49.13,0,DANGER
120.51,18.11,0,SAFE
271.77,29.56,0,SAFE
268.68,22.19,1,SAFE
84.71,27.31,1,SAFE
87.6,25.97,0,SAFE
663.31,74.05,0,DANGER
79.27,18.78,0,SAFE
269.78,23.39,1,SAFE
215.88,20.59,1,SAFE
205.03,19.91,0,SAFE
413.0,36.96,1,WARNING
694.83,46.02,1,DANGER
176.47,20.48,0,SAFE
557.38,38.79,1,WARNING
221.97,19.49,0,SAFE
284.31,18.23,0,SAFE
548.87,44.48,1,WARNING
114.42,22.71,0,SAFE
510.33,38.09,1,WARNING
65.89,23.96,0,SAFE
351.14,39.57,0,WARNING
474.99,37.65,0,WARNING
202.96,18.72,0,SAFE
139.81,25.09,0,SAFE
579.52,44.65,1,WARNING
528.65,39.06,0,WARNING
849.33,72.74,1,DANGER
470.69,36.16,0,WARNING
103.74,26.67,1,SAFE
629.67,57.77,1,DANGER
76.03,23.17,0,SAFE
244.9,21.41,0,SAFE
218.03,24.65,1,SAFE
349.86,38.42,1,WARNING
213.19,22.45,1,SAFE
693.43,75.04,0,DANGER
362.05,41.28,1,WARNING
903.35,67.65,1,DANGER
695.68,53.48,1,DANGER
740.92,54.19,1,DANGER
444.61,38.2,1,WARNING
269.63,27.43,0,SAFE
860.33,75.46,1,DANGER
64.08,25.63,0,SAFE
745.65,54.02,0,DANGER
139.62,25.29,0,SAFE
628.95,58.85,0,DANGER
241.8,24.27,1,SAFE
254.36,22.38,0,SAFE
314.77,34.75,1,WARNING
943.73,78.04,0,DANGER
629.03,47.91,1,DANGER
79.54,26.27,0,SAFE
275.0,20.34,0,SAFE
376.99,42.32,1,WARNING
675.45,69.92,0,DANGER
282.38,21.66,0,SAFE
358.64,34.22,1,WARNING
192.9,28.45,1,SAFE
927.16,60.25,1,DANGER
222.37,21.11,1,SAFE
293.96,27.3,0,SAFE
90.2,25.8,0,SAFE
511.98,43.9,0,WARNING
442.29,31.7,1,WARNING
610.3,58.58,1,DANGER
484.63,42.62,0,WARNING
94.64,24.99,1,SAFE
566.24,34.66,0,WARNING
287.11,18.47,0,SAFE
402.88,34.04,0,WARNING
453.33,35.11,0,WARNING
274.3,24.03,1,SAFE
311.69,41.03,1,WARNING
454.42,35.34,0,WARNING
68.11,29.5,0,SAFE
206.89,23.8,1,SAFE
159.03,29.57,0,SAFE
699.96,48.66,1,DANGER
212.49,23.25,0,SAFE
111.6,25.06,0,SAFE
480.08,43.75,1,WARNING
416.04,37.54,1,WARNING
544.32,43.68,0,WARNING
245.91,24.23,0,SAFE
197.56,22.64,0,SAFE
996.09,56.08,1,DANGER
668.51,73.39,1,DANGER
110.04,23.97,0,SAFE
431.87,41.71,0,WARNING
860.91,70.05,1,DANGER
60.03,22.3,0,SAFE
998.67,72.59,1,DANGER
152.6,20.73,0,SAFE
859.95,67.92,1,DANGER
97.67,19.45,0,SAFE
238.34,19.77,1,SAFE
283.47,21.64,0,SAFE
479.34,34.27,0,WARNING
542.65,42.12,0,WARNING
425.15,32.04,1,WARNING
826.35,51.74,1,DANGER
785.94,78.01,0,DANGER
478.82,43.16,1,WARNING
615.35,59.52,0,DANGER
58.13,19.76,0,SAFE
81.77,18.5,1,SAFE
82.01,27.87,0,SAFE
225.62,28.12,1,SAFE
60.39,27.8,0,SAFE
507.87,31.29,1,WARNING
51.23,27.68,0,SAFE
509.15,30.75,1,WARNING
187.38,19.12,0,SAFE
242.25,25.3,0,SAFE
299.48,18.87,1,SAFE
394.11,43.12,1,WARNING
616.23,46.55,0,DANGER
291.28,28.82,0,SAFE
79.97,25.98,1,SAFE
424.05,33.99,1,WARNING
347.96,39.65,0,WARNING
247.4,18.04,0,SAFE
690.08,61.82,0,DANGER
517.83,39.22,1,WARNING
832.57,48.16,1,DANGER
94.92,21.39,0,SAFE
83.5,23.55,0,SAFE
500.01,43.19,0,WARNING
149.04,18.62,0,SAFE
778.7,62.01,0,DANGER
178.5,27.08,0,SAFE
214.67,28.34,1,SAFE
228.31,29.9,1,SAFE
816.24,49.51,1,DANGER
807.4,56.8,1,DANGER
204.23,25.74,0,SAFE
437.07,39.38,0,WARNING
179.43,20.9,0,SAFE
498.94,31.88,1,WARNING
267.69,29.37,1,SAFE
361.74,44.72,1,WARNING
240.57,18.14,0,SAFE
195.31,28.37,0,SAFE
933.2,49.56,0,DANGER
143.65,28.64,0,SAFE
511.51,39.39,1,WARNING
304.26,32.5,1,WARNING
776.96,59.47,1,DANGER
361.06,31.6,1,WARNING
173.79,27.13,0,SAFE
534.95,36.08,0,WARNING
420.09,31.09,1,WARNING
730.65,69.6,1,DANGER
944.41,75.49,0,DANGER
57.66,22.46,0,SAFE
888.95,50.27,1,DANGER
276.59,26.83,0,SAFE
152.35,18.33,1,SAFE
82.52,27.28,0,SAFE
170.13,24.56,0,SAFE
406.79,33.79,0,WARNING
74.42,26.17,1,SAFE
57.8,24.4,0,SAFE
746.87,73.56,0,DANGER
68.78,19.79,0,SAFE
463.39,33.99,0,WARNING
361.22,37.77,0,WARNING
163.05,23.07,0,SAFE
131.62,28.25,0,SAFE
160.04,24.3,0,SAFE
977.62,57.72,1,DANGER
197.72,27.81,0,SAFE
268.36,24.07,0,SAFE
254.15,20.22,1,SAFE
472.52,32.35,0,WARNING
867.5,65.47,1,DANGER
389.39,44.66,0,WARNING
76.79,26.63,0,SAFE
702.41,46.09,0,DANGER
527.95,43.93,0,WARNING
149.23,26.54,0,SAFE
90.88,21.98,0,SAFE
114.56,27.26,0,SAFE
154.9,27.58,0,SAFE
557.55,43.02,1,WARNING
257.55,23.17,0,SAFE
332.6,40.3,1,WARNING
223.49,21.05,0,SAFE
232.05,23.37,0,SAFE
543.56,32.99,0,WARNING
433.46,36.48,0,WARNING
958.92,65.14,1,DANGER
117.84,20.84,0,SAFE
198.85,18.12,0,SAFE
555.61,31.52,1,WARNING
702.66,47.48,1,DANGER
206.47,25.36,0,SAFE
663.41,69.71,1,DANGER
361.2,32.32,1,WARNING
577.39,42.8,0,WARNING
124.08,22.86,0,SAFE
273.71,28.61,0,SAFE
192.52,19.32,0,SAFE
90.65,27.11,0,SAFE
206.93,26.03,0,SAFE
300.28,36.72,1,WARNING
896.66,46.15,1,DANGER
782.53,52.81,1,DANGER
568.97,34.73,1,WARNING
665.81,60.75,1,DANGER
534.01,42.55,0,WARNING
163.45,28.03,0,SAFE
148.12,24.36,0,SAFE
676.6,51.78,1,DANGER
437.41,40.06,1,WARNING
261.61,22.61,1,SAFE
832.09,77.79,1,DANGER
586.63,31.55,1,WARNING
871.46,68.13,1,DANGER
166.85,25.5,0,SAFE
464.92,40.85,0,WARNING
374.06,40.15,1,WARNING
134.22,28.18,1,SAFE
384.58,31.34,1,WARNING
303.97,36.79,0,WARNING
453.86,36.32,1,WARNING
349.88,35.84,1,WARNING
720.91,70.47,0,DANGER
735.42,50.54,1,DANGER
374.64,35.43,1,WARNING
565.3,34.5,1,WARNING
235.88,26.13,0,SAFE
147.32,24.83,0,SAFE
857.89,69.8,1,DANGER
438.27,33.95,1,WARNING
237.72,22.26,0,SAFE
208.35,24.46,0,SAFE
268.47,18.69,0,SAFE
65.84,26.88,1,SAFE
240.38,24.74,1,SAFE
255.65,24.15,0,SAFE
59.22,27.06,0,SAFE
119.98,27.3,0,SAFE
529.98,39.4,1,WARNING
254.49,21.54,0,SAFE
267.23,26.57,1,SAFE
233.0,18.31,0,SAFE
86.77,20.87,0,SAFE
761.88,53.21,0,DANGER
74.46,20.7,0,SAFE
813.45,61.64,1,DANGER
853.54,61.19,1,DANGER
55.62,28.8,0,SAFE
235.19,21.9,0,SAFE
261.22,25.08,1,SAFE
585.94,32.62,1,WARNING
214.46,29.74,0,SAFE
252.53,27.42,0,SAFE
122.16,23.52,1,SAFE
729.78,71.02,0,DANGER
53.86,22.99,1,SAFE
758.87,64.52,1,DANGER
68.45,21.11,1,SAFE
870.05,50.22,1,DANGER
705.08,59.41,1,DANGER
428.51,33.14,0,WARNING
665.16,49.15,0,DANGER
648.06,79.85,1,DANGER
770.14,64.19,1,DANGER
951.68,68.2,1,DANGER
367.74,42.48,1,WARNING
123.61,24.42,0,SAFE
193.36,22.42,0,SAFE
139.54,26.67,0,SAFE
205.23,23.57,1,SAFE
159.78,18.95,1,SAFE
159.74,25.92,1,SAFE
311.78,37.32,0,WARNING
149.3,19.71,0,SAFE
173.97,26.45,0,SAFE
220.81,29.2,1,SAFE
904.81,56.82,1,DANGER
95.85,18.09,0,SAFE
418.52,32.44,0,WARNING
95.31,24.49,1,SAFE
129.04,21.9,0,SAFE
684.15,48.82,1,DANGER
242.73,28.53,1,SAFE
389.97,30.42,0,WARNING
326.34,42.66,0,WARNING
686.1,73.76,1,DANGER
579.83,34.35,0,WARNING
652.63,59.41,0,DANGER
186.4,24.54,0,SAFE
928.26,60.27,1,DANGER
281.17,25.69,0,SAFE
173.87,29.77,1,SAFE
592.62,40.78,1,WARNING
61.44,29.56,0,SAFE
403.67,41.21,1,WARNING
565.91,31.93,1,WARNING
288.91,28.7,0,SAFE
188.8,23.84,0,SAFE
237.06,28.59,0,SAFE
445.85,43.02,1,WARNING
185.0,21.45,1,SAFE
208.16,18.18,0,SAFE
494.49,33.11,0,WARNING
928.23,54.82,1,DANGER
268.39,25.85,0,SAFE
487.7,30.77,0,WARNING
294.29,26.72,0,SAFE
275.64,18.06,0,SAFE
140.24,24.14,0,SAFE
92.92,29.53,0,SAFE
54.56,20.56,0,SAFE
479.23,40.63,1,WARNING
443.1,33.88,0,WARNING
136.42,24.28,0,SAFE
565.34,32.5,0,WARNING
84.94,21.62,0,SAFE
136.59,27.85,0,SAFE
422.33,39.71,1,WARNING
119.99,27.19,0,SAFE
482.46,40.54,1,WARNING
179.7,22.79,1,SAFE
800.12,58.17,0,DANGER
59.17,28.58,1,SAFE
61.5,27.74,1,SAFE
297.63,19.19,0,SAFE
568.18,30.77,1,WARNING
88.47,18.75,0,SAFE
404.65,42.61,1,WARNING
685.14,60.43,1,DANGER
240.06,27.05,0,SAFE
128.82,27.23,0,SAFE
843.79,59.29,1,DANGER
594.38,33.65,0,WARNING
624.64,54.56,1,DANGER
386.17,33.62,1,WARNING
803.16,58.47,1,DANGER
428.24,37.12,1,WARNING
978.27,63.7,1,DANGER
105.95,20.96,0,SAFE
143.72,25.05,1,SAFE
516.05,42.0,0,WARNING
285.9,23.5,1,SAFE
502.13,42.96,0,WARNING
713.02,60.66,1,DANGER
434.98,40.8,1,WARNING
475.45,34.81,1,WARNING
298.73,18.0,0,SAFE
519.38,42.01,1,WARNING
168.54,29.14,0,SAFE
109.31,29.94,0,SAFE
395.08,41.64,1,WARNING
398.35,31.81,0,WARNING
626.56,45.08,1,DANGER
728.07,68.24,1,DANGER
451.34,38.52,1,WARNING
593.71,37.0,1,WARNING
532.65,36.89,0,WARNING
792.94,51.25,0,DANGER
197.82,21.3,0,SAFE
77.62,21.37,1,SAFE
402.0,35.64,1,WARNING
177.84,27.44,1,SAFE
515.18,41.75,1,WARNING
189.91,18.52,0,SAFE
209.1,21.88,1,SAFE
454.11,44.5,1,WARNING
339.39,44.04,0,WARNING
54.15,28.54,0,SAFE
238.89,27.6,0,SAFE
320.71,44.11,0,WARNING
473.14,34.64,1,WARNING
969.69,56.66,1,DANGER
492.83,34.79,1,WARNING
430.87,30.67,0,WARNING
461.52,39.27,0,WARNING
480.17,44.82,1,WARNING
387.57,30.11,0,WARNING
415.82,38.7,1,WARNING
543.21,43.8,1,WARNING
631.48,50.38,0,DANGER
314.88,32.61,1,WARNING
180.56,19.02,0,SAFE
167.89,18.22,1,SAFE
51.38,26.84,0,SAFE
420.56,42.77,0,WARNING
391.47,32.13,0,WARNING
781.54,56.02,1,DANGER
907.24,74.66,1,DANGER
223.94,27.63,0,SAFE
368.5,33.98,0,WARNING
380.64,39.11,0,WARNING
489.23,41.3,0,WARNING
465.16,30.74,0,WARNING
845.54,73.44,0,DANGER
109.39,20.15,0,SAFE
295.3,22.74,1,SAFE
706.11,72.66,1,DANGER
769.34,48.33,0,DANGER
325.62,42.75,0,WARNING
433.37,39.88,0,WARNING
338.72,39.39,1,WARNING
273.88,20.43,1,SAFE
183.37,23.17,0,SAFE
407.09,32.16,1,WARNING
525.43,33.65,1,WARNING
315.38,44.4,1,WARNING
156.89,18.95,0,SAFE
299.08,21.47,0,SAFE
559.03,36.78,1,WARNING
175.68,29.95,0,SAFE
283.59,19.05,0,SAFE
615.08,51.82,0,DANGER
344.15,32.04,1,WARNING
855.75,75.97,1,DANGER
476.4,41.09,1,WARNING
359.27,32.2,0,WARNING
349.65,36.09,1,WARNING
62.87,27.38,1,SAFE
667.38,76.28,1,DANGER
325.49,39.24,1,WARNING
336.97,34.08,0,WARNING
210.89,27.26,0,SAFE
176.9,26.05,1,SAFE
63.69,23.06,1,SAFE
522.69,38.2,0,WARNING
243.37,24.08,1,SAFE
445.57,33.15,1,WARNING
800.08,58.08,1,DANGER
380.75,39.48,1,WARNING
769.67,74.38,1,DANGER
617.55,53.1,1,DANGER
62.96,19.33,0,SAFE
408.75,42.35,1,WARNING
843.11,56.77,1,DANGER
171.86,18.28,0,SAFE
296.66,22.45,0,SAFE
546.08,36.74,1,WARNING
273.17,25.27,0,SAFE
77.8,29.98,1,SAFE
582.4,36.87,0,WARNING
429.85,31.36,0,WARNING
421.04,34.29,0,WARNING
96.63,29.17,0,SAFE
91.07,26.92,0,SAFE
581.45,40.64,0,WARNING
70.03,20.97,0,SAFE
99.92,21.42,1,SAFE
404.1,42.16,1,WARNING
442.64,44.14,1,WARNING
344.01,39.7,0,WARNING
82.22,25.88,1,SAFE
312.45,44.77,0,WARNING
84.2,28.39,0,SAFE
244.96,22.41,0,SAFE
374.99,34.02,0,WARNING
184.87,25.9,1,SAFE
287.22,21.27,0,SAFE
557.89,43.6,0,WARNING
640.25,73.92,0,DANGER
198.24,20.23,0,SAFE
173.79,19.28,1,SAFE
586.02,32.35,0,WARNING
382.67,30.32,0,WARNING
867.84,71.48,1,DANGER
457.51,39.42,1,WARNING
516.14,32.18,0,WARNING
377.12,35.42,0,WARNING
222.6,29.8,1,SAFE
70.26,18.05,0,SAFE
198.1,27.64,0,SAFE
296.66,22.01,0,SAFE
421.69,38.25,1,WARNING
998.97,65.2,0,DANGER
97.03,19.62,1,SAFE
66.05,26.49,0,SAFE
284.05,28.89,1,SAFE
597.09,37.51,0,WARNING
292.35,20.48,0,SAFE
227.27,24.26,1,SAFE
120.19,23.4,0,SAFE
263.05,23.82,0,SAFE
198.53,29.56,0,SAFE
867.42,74.13,1,DANGER
103.28,18.69,0,SAFE
170.15,29.41,0,SAFE
284.59,26.44,0,SAFE
269.3,25.12,0,SAFE
841.6,69.26,1,DANGER
402.37,41.13,0,WARNING
61.31,28.08,0,SAFE
273.8,18.15,0,SAFE
135.47,28.03,0,SAFE
515.3,43.59,1,WARNING
95.47,20.45,0,SAFE
185.32,29.52,0,SAFE
82.72,22.91,0,SAFE
817.36,72.03,1,DANGER
714.49,57.37,1,DANGER
417.67,40.38,1,WARNING
194.13,19.85,0,SAFE
808.74,63.21,0,DANGER
204.16,25.63,1,SAFE
155.36,26.13,1,SAFE
795.73,50.74,1,DANGER
174.72,20.51,0,SAFE
807.36,79.52,1,DANGER
678.58,50.55,1,DANGER
463.92,43.12,1,WARNING
590.09,36.48,0,WARNING
357.61,30.29,0,WARNING
219.5,27.38,0,SAFE
451.35,38.44,1,WARNING
130.59,21.36,1,SAFE
630.06,54.39,1,DANGER
281.1,21.59,0,SAFE
274.89,24.26,0,SAFE
304.16,35.22,0,WARNING
593.24,39.95,1,WARNING
446.94,35.08,1,WARNING
266.52,19.67,1,SAFE
205.82,22.69,1,SAFE
746.91,54.0,1,DANGER
134.86,23.72,1,SAFE
991.31,74.71,1,DANGER
188.01,24.07,1,SAFE
215.95,24.27,1,SAFE
375.69,30.74,1,WARNING
894.21,78.7,0,DANGER
224.01,26.48,1,SAFE
277.07,18.43,0,SAFE
834.15,49.44,1,DANGER
249.32,29.41,0,SAFE
111.93,21.51,0,SAFE
64.52,24.96,1,SAFE
257.44,28.0,0,SAFE
133.37,25.29,1,SAFE
139.71,26.01,0,SAFE
144.92,23.45,0,SAFE
105.9,22.01,1,SAFE
78.37,29.71,0,SAFE
72.57,29.91,0,SAFE
479.08,36.17,0,WARNING
189.6,20.65,0,SAFE
163.91,27.19,0,SAFE
560.89,31.49,1,WARNING
191.43,25.73,1,SAFE
273.7,25.69,1,SAFE
450.58,31.63,1,WARNING
106.11,18.05,0,SAFE
900.96,59.45,1,DANGER
361.79,40.04,1,WARNING
73.48,25.22,1,SAFE
507.01,33.17,0,WARNING
223.07,28.25,0,SAFE
450.17,31.22,1,WARNING
540.72,40.37,1,WARNING
296.93,20.71,0,SAFE
173.03,29.82,1,SAFE
819.05,77.68,0,DANGER
461.26,39.1,1,WARNING
316.38,35.58,1,WARNING
528.57,43.8,1,WARNING
202.93,29.62,0,SAFE
332.04,33.49,1,WARNING
143.57,27.42,0,SAFE
575.29,36.57,0,WARNING
427.65,44.24,0,WARNING
730.23,72.89,1,DANGER
85.21,25.25,1,SAFE
445.25,38.86,0,WARNING
399.73,39.2,1,WARNING
182.79,20.69,0,SAFE
56.15,29.71,0,SAFE
452.69,41.59,1,WARNING
265.83,28.46,0,SAFE
985.88,59.79,1,DANGER
232.4,26.34,0,SAFE
234.1,23.0,0,SAFE
638.45,49.41,1,DANGER
80.05,20.82,0,SAFE
230.56,24.08,0,SAFE
280.62,22.07,0,SAFE
331.62,40.45,1,WARNING
199.47,20.74,0,SAFE
463.14,32.35,1,WARNING
137.66,20.36,0,SAFE
551.66,40.88,0,WARNING
637.9,72.44,1,DANGER
502.92,42.72,1,WARNING
322.01,34.74,0,WARNING
206.56,27.38,1,SAFE
252.03,21.89,0,SAFE
675.16,49.45,1,DANGER
158.71,28.36,0,SAFE
184.02,20.96,1,SAFE
952.44,69.26,1,DANGER
172.36,28.72,0,SAFE
237.41,27.29,0,SAFE
134.25,19.82,1,SAFE
87.98,22.57,0,SAFE
135.52,20.85,0,SAFE
181.19,28.78,0,SAFE
129.69,28.15,0,SAFE
259.53,24.11,1,SAFE
600.16,66.95,1,DANGER
58.99,28.74,0,SAFE
711.84,57.13,1,DANGER
137.73,25.71,1,SAFE
214.68,23.14,0,SAFE
541.53,34.8,1,WARNING
121.27,21.9,0,SAFE
92.63,25.32,0,SAFE
165.66,27.05,0,SAFE
66.62,19.16,1,SAFE
216.26,29.6,1,SAFE
349.87,31.05,1,WARNING
306.55,44.06,0,WARNING
228.04,18.7,0,SAFE
254.78,22.5,1,SAFE
90.19,25.29,0,SAFE
889.97,56.73,0,DANGER
326.44,39.34,1,WARNING
188.59,18.5,1,SAFE
226.02,18.75,0,SAFE
114.53,18.85,0,SAFE
365.89,30.73,0,WARNING
203.35,18.86,0,SAFE
798.53,48.69,1,DANGER
168.37,23.18,0,SAFE
554.73,39.16,0,WARNING
175.67,27.91,0,SAFE
301.86,43.41,0,WARNING
706.88,48.62,1,DANGER
239.56,21.31,0,SAFE
175.55,25.12,1,SAFE
229.76,22.74,0,SAFE
60.52,21.86,0,SAFE
922.36,56.07,1,DANGER
348.51,31.33,1,WARNING
110.51,29.24,0,SAFE
88.21,29.75,0,SAFE
296.63,25.45,0,SAFE
268.24,24.88,1,SAFE
584.51,31.42,0,WARNING
615.72,68.82,1,DANGER
222.73,18.97,0,SAFE
948.53,73.05,1,DANGER
547.2,33.53,1,WARNING
543.05,36.67,0,WARNING
897.77,55.97,1,DANGER
130.9,18.2,1,SAFE
164.02,23.83,0,SAFE
725.27,51.09,0,DANGER
684.48,50.52,0,DANGER
370.98,32.25,0,WARNING
308.13,31.09,1,WARNING
89.04,21.3,0,SAFE
710.9,74.0,1,DANGER
79.44,24.5,0,SAFE
940.13,51.69,1,DANGER
346.14,33.2,0,WARNING
208.77,19.46,0,SAFE
719.03,72.86,1,DANGER
883.51,60.3,1,DANGER
590.95,33.18,1,WARNING
439.51,39.56,0,WARNING
250.87,23.54,1,SAFE
451.0,43.86,1,WARNING
312.1,35.0,0,WARNING
915.72,58.82,1,DANGER
521.56,30.78,1,WARNING
142.54,18.13,0,SAFE
530.62,38.5,0,WARNING
507.37,32.96,1,WARNING
54.6,22.63,0,SAFE
592.73,39.62,1,WARNING
772.39,52.01,0,DANGER
56.34,21.18,1,SAFE
214.72,27.68,0,SAFE
655.89,73.89,1,DANGER
329.85,31.09,1,WARNING
107.11,19.42,0,SAFE
191.6,23.71,0,SAFE
57.6,29.05,1,SAFE
139.02,25.81,0,SAFE
446.71,41.95,0,WARNING
118.08,22.67,0,SAFE
75.19,27.81,0,SAFE
148.06,20.42,0,SAFE
512.18,42.45,0,WARNING
488.3,43.65,0,WARNING
286.07,27.65,0,SAFE
184.35,27.89,0,SAFE
76.65,29.33,0,SAFE
948.32,70.65,1,DANGER
704.81,54.87,1,DANGER
522.59,31.13,1,WARNING
994.84,69.09,1,DANGER
474.62,32.52,0,WARNING
527.33,38.19,1,WARNING
280.21,26.43,0,SAFE
318.07,40.25,0,WARNING
163.68,25.09,0,SAFE
230.01,25.61,0,SAFE
540.72,38.71,1,WARNING
111.78,29.11,0,SAFE
560.12,34.67,1,WARNING
824.54,48.78,0,DANGER
284.77,27.7,1,SAFE
383.7,40.61,0,WARNING
59.86,24.13,0,SAFE
523.17,35.42,1,WARNING
91.9,27.19,0,SAFE
413.12,41.93,1,WARNING
559.31,37.31,0,WARNING
797.11,60.45,1,DANGER
609.88,52.99,0,DANGER
254.5,20.41,0,SAFE
315.82,38.13,1,WARNING
589.11,39.59,1,WARNING
109.55,25.21,0,SAFE
620.2,59.37,1,DANGER
142.76,21.01,0,SAFE
262.3,23.27,0,SAFE
210.6,21.03,0,SAFE
233.06,29.47,0,SAFE
51.44,27.81,0,SAFE
92.72,18.4,1,SAFE
136.74,18.02,0,SAFE
628.89,77.25,1,DANGER
592.99,31.9,0,WARNING
758.92,60.52,1,DANGER
232.05,23.55,1,SAFE
57.78,29.49,1,SAFE
817.78,47.0,1,DANGER
543.58,37.01,1,WARNING
290.61,24.48,0,SAFE
236.62,26.34,0,SAFE
631.7,79.06,0,DANGER
164.56,20.13,0,SAFE
749.38,78.8,1,DANGER
203.96,20.89,1,SAFE
467.45,41.55,1,WARNING
123.04,22.22,0,SAFE
198.91,27.66,1,SAFE
864.95,67.63,1,DANGER
55.15,27.76,0,SAFE
826.3,53.87,1,DANGER
464.11,40.16,1,WARNING
202.86,24.2,1,SAFE
957.64,57.71,1,DANGER
242.74,26.69,0,SAFE
177.69,23.4,1,SAFE
301.81,34.49,1,WARNING
917.87,45.73,1,DANGER
588.47,42.24,1,WARNING
733.66,64.97,1,DANGER
490.69,41.06,1,WARNING
356.76,34.13,0,WARNING
144.12,22.17,0,SAFE
581.42,36.45,0,WARNING
296.67,19.99,0,SAFE
200.13,21.24,0,SAFE
272.19,27.47,0,SAFE
238.09,22.95,0,SAFE
273.64,27.07,1,SAFE
856.19,75.36,1,DANGER
188.46,23.16,0,SAFE
413.92,40.99,0,WARNING
326.01,38.16,1,WARNING
403.23,30.99,1,WARNING
397.87,43.85,0,WARNING
234.61,19.96,1,SAFE
55.53,19.51,0,SAFE
509.11,44.62,1,WARNING
603.34,67.33,1,DANGER
442.53,33.16,0,WARNING
250.71,28.89,0,SAFE
398.35,35.03,0,WARNING
948.39,66.4,1,DANGER
280.21,27.73,0,SAFE
953.13,47.44,1,DANGER
646.51,49.85,0,DANGER
108.24,18.93,0,SAFE
307.6,44.99,1,WARNING
280.22,19.83,0,SAFE
70.41,18.11,0,SAFE
637.46,65.57,1,DANGER
702.52,46.94,1,DANGER
370.43,39.61,0,WARNING
875.25,46.72,1,DANGER
105.53,22.17,1,SAFE
68.51,25.7,0,SAFE
355.73,41.85,1,WARNING
193.62,18.15,0,SAFE
163.08,24.78,1,SAFE
414.48,41.98,1,WARNING
440.32,33.65,1,WARNING
817.95,52.35,0,DANGER
263.6,28.71,0,SAFE
357.6,35.74,1,WARNING
65.09,22.28,0,SAFE
807.05,63.22,1,DANGER
469.62,34.58,1,WARNING
129.74,24.51,1,SAFE
522.47,39.45,1,WARNING
79.02,26.98,0,SAFE
590.01,38.1,1,WARNING
915.62,58.87,1,DANGER
525.38,34.65,0,WARNING
116.4,28.11,0,SAFE
960.47,65.63,1,DANGER
408.98,30.25,1,WARNING
547.94,34.52,1,WARNING
976.26,54.76,0,DANGER
267.07,29.02,1,SAFE
187.31,20.47,0,SAFE
557.61,39.66,1,WARNING
945.11,62.29,1,DANGER
579.86,36.01,0,WARNING
333.78,39.69,1,WARNING
554.54,31.4,1,WARNING
203.75,23.45,0,SAFE
460.0,36.0,0,WARNING
576.78,34.22,1,WARNING
96.76,25.98,0,SAFE
56.63,18.86,0,SAFE
377.67,41.65,0,WARNING
140.91,29.91,0,SAFE
411.62,38.71,1,WARNING
393.09,32.5,1,WARNING
527.41,40.52,1,WARNING
112.56,22.58,1,SAFE
236.36,27.91,0,SAFE
323.91,43.11,1,WARNING
421.49,32.86,1,WARNING
238.78,25.81,0,SAFE
282.42,24.4,1,SAFE
299.93,24.78,1,SAFE
116.3,26.31,0,SAFE
235.28,20.9,0,SAFE
978.97,64.62,1,DANGER
869.67,79.39,1,DANGER
216.72,24.53,1,SAFE
453.14,35.85,1,WARNING
103.92,21.29,0,SAFE
933.16,79.59,1,DANGER
71.34,26.14,1,SAFE
208.28,19.76,0,SAFE
299.85,28.28,0,SAFE
84.22,21.11,0,SAFE
430.62,44.49,1,WARNING
453.17,34.39,1,WARNING
96.64,25.94,0,SAFE
272.63,27.86,0,SAFE
414.64,39.5,0,WARNING
199.66,22.09,0,SAFE
226.71,20.6,0,SAFE
559.81,31.95,1,WARNING
267.15,22.35,0,SAFE
89.0,22.79,1,SAFE
82.81,24.94,0,SAFE
85.03,22.66,1,SAFE
273.01,27.77,0,SAFE
154.44,18.87,0,SAFE
278.72,27.23,0,SAFE
402.91,34.78,1,WARNING
256.45,23.67,0,SAFE
745.03,46.73,1,DANGER
524.96,44.75,1,WARNING
569.1,32.73,1,WARNING
813.82,55.11,1,DANGER
934.65,61.84,1,DANGER
753.41,45.52,1,DANGER
530.92,36.77,1,WARNING
838.85,46.39,1,DANGER
434.02,33.87,0,WARNING
596.07,31.58,0,WARNING
267.74,29.73,0,SAFE
455.42,33.26,1,WARNING
142.62,29.61,0,SAFE
588.62,35.26,0,WARNING
68.3,22.76,1,SAFE
122.44,28.56,0,SAFE
713.4,58.79,1,DANGER
121.76,21.79,0,SAFE
676.17,51.93,1,DANGER
194.23,24.32,0,SAFE
85.23,26.01,0,SAFE
730.78,62.32,1,DANGER
445.51,42.08,1,WARNING
529.59,35.08,0,WARNING
262.41,19.37,0,SAFE
156.78,26.28,0,SAFE
304.81,33.51,0,WARNING
221.39,29.01,0,SAFE
683.13,48.66,1,DANGER
337.03,43.01,1,WARNING
867.98,45.32,0,DANGER
979.37,56.08,0,DANGER
455.4,44.28,1,WARNING
196.08,19.6,0,SAFE
415.02,42.52,1,WARNING
866.97,66.33,0,DANGER
731.73,78.26,1,DANGER
673.43,48.74,0,DANGER
401.2,44.37,0,WARNING
240.9,18.37,0,SAFE
503.32,31.69,1,WARNING
265.51,20.53,0,SAFE
59.25,26.12,0,SAFE
54.93,29.0,1,SAFE
212.58,29.03,0,SAFE
350.41,30.06,1,WARNING
285.37,29.82,1,SAFE
483.11,33.94,0,WARNING
178.56,21.69,0,SAFE
272.79,24.22,0,SAFE
167.17,21.12,0,SAFE
260.46,23.63,1,SAFE
280.47,20.54,1,SAFE
117.31,20.25,0,SAFE
185.16,22.24,0,SAFE
670.29,69.27,1,DANGER
110.51,18.53,0,SAFE
958.7,48.46,1,DANGER
204.56,29.81,0,SAFE
497.49,39.34,0,WARNING
204.54,18.6,0,SAFE
55.32,18.79,0,SAFE
263.87,19.54,1,SAFE
180.02,24.6,0,SAFE
152.6,18.81,1,SAFE
287.49,25.77,0,SAFE
116.76,18.58,1,SAFE
927.77,64.89,0,DANGER
413.21,39.43,1,WARNING
452.67,35.29,0,WARNING
292.28,18.65,0,SAFE
587.14,42.2,1,WARNING
260.53,18.63,0,SAFE
209.78,27.05,0,SAFE
988.27,54.01,0,DANGER
72.18,26.35,0,SAFE
162.17,28.35,0,SAFE
598.63,32.61,0,WARNING
147.17,22.24,0,SAFE
881.57,53.83,0,DANGER
274.19,18.84,0,SAFE
240.2,19.54,0,SAFE
111.49,25.61,1,SAFE
505.16,42.3,0,WARNING
272.5,18.46,0,SAFE
576.21,32.89,0,WARNING
193.87,26.74,0,SAFE
71.38,25.64,1,SAFE
405.49,38.93,1,WARNING
320.53,36.96,1,WARNING
578.07,36.01,1,WARNING
87.92,27.29,0,SAFE
442.25,42.7,1,WARNING
756.15,73.05,1,DANGER
58.6,24.81,0,SAFE
310.33,36.91,1,WARNING
201.61,23.27,0,SAFE
151.04,26.81,0,SAFE
434.72,39.72,0,WARNING
68.64,25.49,0,SAFE
492.84,35.63,1,WARNING
371.49,32.92,1,WARNING
425.8,41.34,0,WARNING
225.75,19.83,1,SAFE
283.03,20.63,0,SAFE
416.39,36.71,0,WARNING
402.98,40.8,1,WARNING
273.47,21.8,0,SAFE
201.54,24.73,1,SAFE
58.49,26.67,0,SAFE
329.01,32.03,0,WARNING
258.83,28.22,0,SAFE
290.9,27.12,1,SAFE
229.8,25.95,0,SAFE
396.62,40.0,1,WARNING
296.5,23.28,1,SAFE
119.21,18.43,0,SAFE
563.95,41.38,1,WARNING
174.55,18.35,1,SAFE
613.37,61.69,1,DANGER
392.91,37.7,1,WARNING
71.03,26.12,1,SAFE
316.87,42.84,0,WARNING
281.65,23.41,0,SAFE
977.9,54.03,0,DANGER
624.49,69.62,1,DANGER
529.05,44.78,1,WARNING
112.12,28.71,0,SAFE
237.65,26.72,0,SAFE
230.61,28.64,0,SAFE
686.73,57.73,1,DANGER
465.2,37.2,1,WARNING
225.62,23.71,0,SAFE
77.66,19.25,0,SAFE
595.4,41.91,0,WARNING
255.47,27.9,0,SAFE
181.13,28.27,0,SAFE
263.25,19.65,0,SAFE
594.88,40.84,0,WARNING
528.0,30.15,0,WARNING
474.52,36.41,1,WARNING
331.85,30.25,0,WARNING
672.72,66.62,0,DANGER
742.12,52.52,1,DANGER
757.47,55.08,1,DANGER
144.06,21.94,0,SAFE
245.6,23.96,1,SAFE
257.65,27.95,0,SAFE
418.34,40.87,1,WARNING
794.1,68.7,0,DANGER
400.33,40.2,1,WARNING
445.16,31.5,1,WARNING
51.6,26.86,0,SAFE
132.72,25.13,0,SAFE
958.03,60.81,0,DANGER
148.47,20.34,0,SAFE
372.24,43.74,1,WARNING
501.3,42.55,1,WARNING
418.09,39.47,0,WARNING
298.24,29.29,1,SAFE
252.64,28.8,0,SAFE
130.01,26.95,1,SAFE
233.77,19.92,0,SAFE
612.33,50.97,1,DANGER
572.65,38.04,1,WARNING
558.43,41.93,1,WARNING
856.91,72.77,1,DANGER
242.37,27.46,0,SAFE
267.16,22.39,0,SAFE
257.18,27.37,0,SAFE
102.48,25.35,0,SAFE
763.57,73.83,0,DANGER
720.58,67.88,0,DANGER
127.59,25.57,0,SAFE
141.93,19.21,0,SAFE
578.82,38.46,0,WARNING
220.75,28.09,0,SAFE
463.37,31.95,1,WARNING
619.91,62.84,0,DANGER
736.93,69.36,1,DANGER
958.01,60.94,1,DANGER
761.46,68.91,1,DANGER
227.02,27.18,0,SAFE
538.18,43.1,1,WARNING
311.94,30.59,0,WARNING
113.66,21.51,0,SAFE
189.2,27.62,0,SAFE
562.65,41.52,1,WARNING
251.71,29.9,0,SAFE
391.02,34.41,1,WARNING
156.3,21.47,1,SAFE
485.16,40.27,0,WARNING
645.04,56.03,1,DANGER
154.93,22.78,0,SAFE
486.96,33.17,1,WARNING
144.24,20.87,0,SAFE
80.51,26.51,0,SAFE
265.45,22.12,0,SAFE
82.29,21.01,0,SAFE
986.75,75.82,0,DANGER
95.24,29.36,0,SAFE
269.66,22.32,0,SAFE
199.07,27.94,0,SAFE
73.61,24.07,0,SAFE
90.17,19.52,0,SAFE
196.44,23.53,0,SAFE
124.28,18.47,0,SAFE
231.31,29.02,1,SAFE
224.07,28.01,1,SAFE
53.04,18.29,0,SAFE
157.72,24.47,0,SAFE
678.49,62.43,1,DANGER
539.6,31.88,1,WARNING
100.13,23.64,1,SAFE
313.55,31.08,1,WARNING
469.38,33.26,1,WARNING
769.52,74.35,1,DANGER
249.13,22.66,0,SAFE
594.82,40.73,1,WARNING
79.33,21.12,0,SAFE
868.71,45.24,0,DANGER
78.97,24.56,1,SAFE
207.95,26.56,0,SAFE
267.47,29.91,0,SAFE
532.57,31.61,0,WARNING
389.98,30.78,1,WARNING
865.49,63.36,0,DANGER
331.99,44.44,0,WARNING
134.4,27.55,0,SAFE
256.17,21.58,0,SAFE
181.42,21.46,0,SAFE
208.37,21.77,0,SAFE
149.54,21.71,0,SAFE
359.59,31.33,1,WARNING
223.42,18.02,0,SAFE
221.18,21.26,1,SAFE
863.77,63.1,1,DANGER
411.61,43.22,1,WARNING
335.81,43.72,1,WARNING
355.93,30.3,1,WARNING
214.18,18.83,1,SAFE
217.02,28.68,1,SAFE
234.38,25.64,1,SAFE
821.62,49.58,1,DANGER
389.48,40.52,0,WARNING
648.38,63.07,1,DANGER
887.61,48.96,0,DANGER
721.31,63.81,1,DANGER
196.71,26.54,1,SAFE
178.02,28.42,0,SAFE
221.06,20.18,0,SAFE
615.34,48.0,1,DANGER
152.96,29.55,0,SAFE
79.9,26.31,0,SAFE
698.88,51.91,1,DANGER
242.6,27.69,0,SAFE
730.17,72.37,1,DANGER
350.27,31.46,1,WARNING
238.18,23.0,0,SAFE
293.97,21.86,1,SAFE
131.35,18.69,0,SAFE
203.35,18.4,0,SAFE
381.17,30.6,1,WARNING
296.55,21.39,1,SAFE
882.66,77.62,1,DANGER
343.81,39.46,0,WARNING
292.46,27.73,0,SAFE
306.77,34.81,0,WARNING
433.66,43.02,1,WARNING
802.32,67.01,1,DANGER
484.26,30.75,0,WARNING
351.55,36.9,0,WARNING
220.12,29.69,0,SAFE
59.84,26.9,0,SAFE
522.71,44.84,0,WARNING
876.03,74.46,0,DANGER
314.16,39.75,1,WARNING
292.22,21.74,0,SAFE
364.2,32.01,1,WARNING
278.6,22.17,0,SAFE
79.22,19.13,1,SAFE
98.81,19.57,0,SAFE
216.3,28.83,0,SAFE
771.55,78.57,1,DANGER
89.65,27.87,0,SAFE
841.67,76.7,0,DANGER
618.82,66.51,1,DANGER
299.28,21.52,0,SAFE
234.4,21.54,0,SAFE
355.21,37.08,1,WARNING
242.07,18.6,1,SAFE
176.87,25.82,0,SAFE
106.82,24.63,0,SAFE
772.07,63.74,1,DANGER
249.98,21.83,1,SAFE
125.22,25.48,0,SAFE
894.38,51.29,1,DANGER
66.77,25.63,0,SAFE
291.26,21.38,0,SAFE
743.01,73.59,0,DANGER
269.34,19.8,1,SAFE
232.25,19.15,1,SAFE
282.69,26.8,1,SAFE
707.11,49.93,1,DANGER
419.99,42.03,1,WARNING
712.43,47.31,1,DANGER
264.6,25.39,1,SAFE
82.89,24.96,0,SAFE
651.61,65.2,1,DANGER
392.3,42.24,0,WARNING
168.49,27.51,0,SAFE
589.88,33.8,1,WARNING
91.87,18.88,0,SAFE
386.69,36.34,1,WARNING
211.0,26.31,0,SAFE
746.7,54.47,1,DANGER
324.77,31.82,0,WARNING
500.66,38.17,1,WARNING
126.15,20.17,0,SAFE
685.83,74.87,1,DANGER
529.9,32.41,0,WARNING
841.5,73.76,1,DANGER
62.86,27.49,0,SAFE
502.47,34.69,0,WARNING
265.53,23.21,0,SAFE
410.48,42.03,1,WARNING
482.94,44.48,1,WARNING
295.59,28.04,0,SAFE
100.41,21.57,0,SAFE
287.65,29.96,0,SAFE
456.41,35.3,1,WARNING
350.66,32.03,1,WARNING
279.96,29.46,0,SAFE
65.27,23.28,0,SAFE
208.35,22.0,0,SAFE
132.17,25.12,0,SAFE
504.76,30.52,0,WARNING
631.48,72.48,1,DANGER
168.05,26.61,0,SAFE
551.24,44.41,0,WARNING
133.73,27.95,0,SAFE
335.99,38.18,1,WARNING
292.48,26.62,0,SAFE
713.8,73.73,0,DANGER
194.57,25.91,0,SAFE
109.69,20.79,0,SAFE
195.54,25.14,1,SAFE
292.48,21.18,1,SAFE
670.67,59.26,0,DANGER
867.21,51.7,1,DANGER
934.77,62.49,1,DANGER
341.44,42.67,1,WARNING
644.01,56.76,1,DANGER
761.11,71.51,0,DANGER
303.21,37.04,0,WARNING
237.49,28.96,0,SAFE
430.36,31.23,0,WARNING
101.25,22.15,1,SAFE
195.91,29.48,1,SAFE
460.66,44.22,0,WARNING
466.66,43.72,1,WARNING
60.18,25.88,1,SAFE
56.59,22.93,1,SAFE
296.91,24.77,1,SAFE
281.31,29.12,0,SAFE
734.58,55.69,0,DANGER
961.61,58.2,1,DANGER
356.14,37.42,1,WARNING
413.06,41.38,1,WARNING
465.84,41.87,1,WARNING
56.63,27.06,0,SAFE
629.3,45.37,0,DANGER
186.9,26.0,0,SAFE
585.72,31.56,1,WARNING
180.04,23.5,1,SAFE
471.36,44.5,1,WARNING
842.41,46.57,1,DANGER
812.83,69.92,1,DANGER
453.78,37.33,1,WARNING
118.55,20.74,0,SAFE
662.89,48.42,0,DANGER
61.74,25.51,0,SAFE
545.66,34.71,1,WARNING
337.83,31.91,1,WARNING
112.42,28.16,0,SAFE
201.93,24.63,0,SAFE
759.3,74.16,0,DANGER
279.33,24.93,0,SAFE
489.41,36.59,0,WARNING
172.36,22.32,0,SAFE
600.51,47.41,1,DANGER
164.78,18.33,0,SAFE
191.75,22.57,1,SAFE
83.6,18.5,1,SAFE
90.91,22.18,0,SAFE
123.29,19.85,0,SAFE
120.24,23.96,0,SAFE
205.08,24.55,0,SAFE
136.95,19.26,0,SAFE
82.38,21.76,1,SAFE
283.18,28.88,1,SAFE
183.03,24.33,0,SAFE
874.97,60.35,1,DANGER
548.87,43.96,1,WARNING
286.01,23.38,0,SAFE
402.64,37.12,0,WARNING
227.09,20.51,0,SAFE
868.1,53.93,1,DANGER
250.92,29.93,1,SAFE
165.67,27.53,1,SAFE
888.25,61.83,1,DANGER
375.65,36.23,1,WARNING
72.35,28.66,0,SAFE
350.64,32.53,1,WARNING
106.15,21.09,0,SAFE
184.84,26.77,0,SAFE
120.94,19.7,0,SAFE
689.83,78.98,0,DANGER
734.74,65.51,0,DANGER
600.32,73.11,0,DANGER
161.85,28.68,0,SAFE
67.34,26.71,0,SAFE
139.87,22.51,0,SAFE
127.93,27.67,0,SAFE
223.67,20.44,0,SAFE
228.99,21.68,0,SAFE
149.32,25.83,1,SAFE
118.31,18.28,0,SAFE
71.75,19.07,0,SAFE
89.0,22.56,0,SAFE
493.57,35.01,0,WARNING
484.52,31.85,1,WARNING
631.2,62.62,0,DANGER
219.91,25.24,0,SAFE
140.6,22.43,0,SAFE
114.48,20.55,0,SAFE
396.26,42.58,0,WARNING
386.25,35.06,1,WARNING
368.18,42.77,1,WARNING
319.14,42.79,1,WARNING
262.65,23.19,1,SAFE
265.59,28.55,1,SAFE
292.4,29.42,0,SAFE
274.51,28.48,1,SAFE
498.99,35.38,1,WARNING
418.0,32.12,1,WARNING
94.1,26.24,0,SAFE
195.02,19.22,0,SAFE
258.03,19.64,0,SAFE
777.09,48.98,1,DANGER
589.75,35.13,1,WARNING
284.21,29.57,0,SAFE
238.64,27.41,0,SAFE
950.15,46.35,1,DANGER
531.65,34.55,0,WARNING
122.81,29.12,1,SAFE
282.34,25.84,0,SAFE
252.1,19.46,0,SAFE
900.27,63.38,0,DANGER
259.58,23.03,0,SAFE
820.94,59.74,0,DANGER
267.12,19.92,1,SAFE
586.09,38.54,1,WARNING
394.83,33.98,1,WARNING
111.84,19.81,0,SAFE
426.66,38.97,1,WARNING
656.45,66.68,0,DANGER
282.08,23.78,0,SAFE
95.4,19.68,1,SAFE
267.07,21.65,0,SAFE
707.4,65.48,1,DANGER
296.41,19.05,0,SAFE
341.78,36.4,1,WARNING
142.23,26.02,0,SAFE
899.73,62.84,0,DANGER
136.48,27.45,1,SAFE
137.06,21.96,1,SAFE
924.06,60.11,1,DANGER
438.22,44.44,1,WARNING
572.76,32.82,0,WARNING
311.01,43.46,0,WARNING
265.18,24.43,0,SAFE
921.32,52.94,1,DANGER
533.04,36.7,1,WARNING
133.56,21.31,1,SAFE
733.69,65.33,1,DANGER
73.28,20.1,0,SAFE
198.1,26.43,0,SAFE
118.04,27.14,1,SAFE
170.29,22.56,0,SAFE
101.58,28.29,1,SAFE
135.27,22.15,0,SAFE
182.84,26.85,1,SAFE
805.03,58.35,1,DANGER
667.44,55.09,0,DANGER
268.42,27.53,0,SAFE
775.21,70.67,1,DANGER
629.43,58.93,1,DANGER
749.28,46.08,1,DANGER
121.81,29.15,1,SAFE
627.2,77.91,1,DANGER
413.16,32.68,0,WARNING
261.2,19.69,0,SAFE
126.06,25.77,1,SAFE
782.2,63.02,1,DANGER
78.39,18.81,0,SAFE
211.48,23.4,0,SAFE
822.73,73.04,0,DANGER
880.52,47.22,1,DANGER
448.87,35.22,0,WARNING
234.51,22.82,0,SAFE
394.94,43.67,1,WARNING
191.28,18.44,0,SAFE
111.0,18.75,1,SAFE
591.74,34.34,1,WARNING
490.47,34.38,1,WARNING
801.63,73.79,1,DANGER
756.61,53.17,1,DANGER
399.82,32.56,1,WARNING
451.47,30.21,1,WARNING
456.16,44.59,0,WARNING
203.97,23.85,0,SAFE
290.81,18.31,0,SAFE
154.69,24.97,0,SAFE
736.42,50.98,1,DANGER
144.32,28.3,0,SAFE
966.66,46.41,1,DANGER
213.63,28.16,0,SAFE
267.96,20.54,1,SAFE
284.15,25.96,0,SAFE
645.14,68.22,1,DANGER
573.91,33.62,1,WARNING
972.33,69.37,0,DANGER
57.9,27.51,0,SAFE
857.12,68.0,1,DANGER
411.07,37.38,1,WARNING
141.95,25.21,0,SAFE
424.54,30.6,0,WARNING
179.73,23.33,1,SAFE
981.65,55.45,1,DANGER
214.73,27.47,1,SAFE
401.65,37.45,0,WARNING
332.96,30.25,1,WARNING
391.35,35.29,0,WARNING
56.35,19.03,0,SAFE
776.17,49.4,1,DANGER
978.31,74.11,1,DANGER
129.23,20.89,0,SAFE
177.14,22.26,0,SAFE
94.29,19.23,1,SAFE
160.94,26.57,0,SAFE
561.91,33.86,0,WARNING
68.97,19.27,0,SAFE
236.87,19.99,1,SAFE
451.66,35.33,0,WARNING
473.28,32.59,0,WARNING
384.83,43.12,1,WARNING
256.61,18.42,0,SAFE
204.65,27.21,0,SAFE
444.17,30.49,0,WARNING
582.62,42.4,1,WARNING
431.32,34.63,1,WARNING
665.89,56.65,0,DANGER
156.06,25.18,0,SAFE
303.15,36.04,0,WARNING
247.42,19.14,1,SAFE
455.79,42.38,0,WARNING
107.77,27.87,0,SAFE
770.36,75.02,1,DANGER
171.13,23.01,1,SAFE
474.93,34.8,0,WARNING
659.24,62.02,1,DANGER
571.59,43.68,0,WARNING
85.02,19.18,0,SAFE
341.19,32.45,1,WARNING
100.46,29.43,1,SAFE
416.17,32.97,0,WARNING
428.13,38.83,0,WARNING
698.4,67.67,1,DANGER
572.83,38.47,0,WARNING
55.02,27.83,0,SAFE
453.33,38.53,1,WARNING
874.41,76.8,1,DANGER
795.44,52.1,1,DANGER
524.81,38.8,0,WARNING
287.6,23.24,0,SAFE
312.93,44.87,1,WARNING
429.16,32.76,0,WARNING
202.39,19.53,1,SAFE
466.54,38.94,0,WARNING
518.43,38.49,1,WARNING
109.39,22.24,0,SAFE
941.36,55.61,1,DANGER
965.85,77.93,0,DANGER
192.69,26.99,1,SAFE
389.42,41.32,1,WARNING
810.64,59.45,1,DANGER
254.31,29.07,0,SAFE
214.61,24.0,0,SAFE
175.85,21.32,1,SAFE
510.24,41.64,0,WARNING
427.13,44.94,1,WARNING
274.28,19.62,1,SAFE
346.36,44.79,0,WARNING
140.05,26.16,0,SAFE
240.61,25.1,0,SAFE
75.78,24.65,0,SAFE
129.5,24.75,0,SAFE
90.41,21.74,0,SAFE
154.73,22.61,0,SAFE
532.35,40.38,0,WARNING
218.36,18.51,0,SAFE
578.64,32.82,0,WARNING
563.97,37.17,0,WARNING
973.47,75.25,0,DANGER
358.71,43.36,1,WARNING
778.91,66.18,0,DANGER
220.04,18.63,0,SAFE
481.29,44.97,1,WARNING
618.43,52.22,0,DANGER
596.65,39.43,1,WARNING
101.28,26.69,0,SAFE
518.79,43.73,1,WARNING
440.82,44.8,1,WARNING
130.52,24.49,1,SAFE
287.68,23.75,1,SAFE
484.99,36.05,1,WARNING
88.59,24.56,1,SAFE
398.65,32.18,1,WARNING
83.18,29.77,0,SAFE
886.53,53.81,0,DANGER
936.99,59.01,0,DANGER
558.5,32.88,1,WARNING
402.78,41.71,0,WARNING
262.8,29.59,1,SAFE
737.59,45.99,0,DANGER
393.62,32.0,1,WARNING
544.72,44.28,0,WARNING
109.31,28.1,0,SAFE
217.16,21.65,0,SAFE
172.9,28.68,0,SAFE
93.32,27.23,0,SAFE
247.29,23.93,0,SAFE
84.91,26.51,0,SAFE
158.9,29.64,0,SAFE
220.38,28.93,1,SAFE
189.91,29.77,0,SAFE
511.91,30.84,0,WARNING
233.14,28.91,0,SAFE
798.87,53.75,1,DANGER
737.19,55.98,0,DANGER
228.52,27.09,0,SAFE
91.76,19.53,0,SAFE
196.34,21.65,0,SAFE
498.4,44.0,1,WARNING
204.87,19.89,0,SAFE
518.29,33.58,0,WARNING
354.24,40.74,0,WARNING
548.61,34.19,0,WARNING
171.67,19.22,0,SAFE
961.22,47.28,0,DANGER
785.36,78.88,1,DANGER
339.51,42.42,0,WARNING
182.23,19.33,0,SAFE
268.03,18.09,0,SAFE
827.79,79.16,0,DANGER
369.67,43.34,0,WARNING
745.44,64.9,1,DANGER
703.78,53.18,0,DANGER
747.08,59.21,1,DANGER
359.77,32.16,1,WARNING
361.27,42.31,1,WARNING
283.01,22.55,0,SAFE
639.8,50.66,0,DANGER
206.88,24.01,1,SAFE
288.51,28.21,0,SAFE
503.75,43.68,1,WARNING
683.76,68.71,0,DANGER
899.35,56.1,1,DANGER
976.87,65.89,1,DANGER
533.41,42.88,0,WARNING
564.27,40.98,1,WARNING
173.45,24.94,0,SAFE
224.36,26.31,0,SAFE
53.64,23.51,0,SAFE
676.81,75.57,1,DANGER
160.19,23.83,0,SAFE
131.15,24.56,0,SAFE
440.71,36.08,0,WARNING
66.34,27.04,0,SAFE
75.37,25.69,1,SAFE
143.0,27.6,1,SAFE
775.32,45.85,0,DANGER
143.33,25.83,0,SAFE
157.25,20.26,1,SAFE
698.11,58.28,1,DANGER
845.96,75.57,0,DANGER
129.78,18.11,1,SAFE
643.74,75.19,1,DANGER
141.62,29.6,1,SAFE
791.78,67.11,1,DANGER
70.7,29.93,0,SAFE
450.02,40.31,1,WARNING
898.53,55.45,1,DANGER
324.17,41.93,1,WARNING
647.71,66.3,1,DANGER
494.6,31.59,0,WARNING
156.03,29.18,0,SAFE
433.26,40.13,1,WARNING
728.27,62.35,1,DANGER
127.38,28.88,1,SAFE
210.29,18.85,1,SAFE
400.44,32.62,1,WARNING
210.51,29.59,0,SAFE
340.11,35.66,1,WARNING
473.04,39.99,0,WARNING
581.98,32.97,1,WARNING
349.29,36.72,0,WARNING
253.62,21.57,0,SAFE
400.46,39.66,1,WARNING
218.13,22.7,0,SAFE
341.51,39.93,0,WARNING
153.15,22.82,1,SAFE
855.71,79.29,1,DANGER
567.2,44.62,1,WARNING
133.78,20.59,0,SAFE
217.05,28.38,0,SAFE
631.34,76.69,1,DANGER
315.85,40.1,0,WARNING
224.37,22.44,1,SAFE
277.26,27.11,0,SAFE
675.63,59.71,1,DANGER
120.23,27.87,0,SAFE
450.71,36.1,1,WARNING
290.75,21.21,0,SAFE
119.35,25.32,1,SAFE
120.46,24.78,0,SAFE
302.21,31.53,1,WARNING
235.99,23.32,0,SAFE
591.55,33.82,0,WARNING
196.56,21.37,0,SAFE
146.08,29.75,0,SAFE
56.77,23.36,0,SAFE
225.91,22.06,1,SAFE
622.06,68.99,0,DANGER
348.43,41.11,0,WARNING
95.14,18.23,1,SAFE
76.23,23.19,0,SAFE
173.16,29.2,0,SAFE
179.71,19.58,0,SAFE
587.66,35.5,0,WARNING
72.9,23.91,0,SAFE
372.71,39.4,1,WARNING
71.03,23.19,0,SAFE
208.08,24.19,0,SAFE
493.68,34.56,1,WARNING
885.76,70.57,0,DANGER
924.97,45.48,1,DANGER
134.15,23.07,0,SAFE
479.79,33.66,1,WARNING
114.94,22.65,0,SAFE
930.05,52.74,0,DANGER
124.34,19.61,0,SAFE
589.69,44.81,1,WARNING
524.69,41.44,1,WARNING
324.97,30.94,1,WARNING
291.41,22.96,0,SAFE
87.48,25.21,1,SAFE
993.97,68.43,0,DANGER
249.45,26.44,0,SAFE
109.01,21.99,0,SAFE
579.77,43.0,0,WARNING
207.89,24.98,0,SAFE
701.66,67.28,1,DANGER
805.37,57.25,1,DANGER
477.52,33.51,0,WARNING
288.48,26.8,0,SAFE
576.79,44.21,1,WARNING
508.49,44.62,1,WARNING
92.23,28.98,0,SAFE
789.37,60.95,0,DANGER
76.14,25.47,0,SAFE
418.13,34.05,1,WARNING
722.5,47.61,1,DANGER
576.16,44.05,1,WARNING
198.4,23.51,0,SAFE
471.64,40.22,1,WARNING
621.37,45.93,0,DANGER
169.98,20.9,0,SAFE
573.25,32.46,0,WARNING
84.09,27.68,0,SAFE
936.18,68.85,1,DANGER
110.46,27.18,1,SAFE
323.36,43.44,0,WARNING
115.57,28.44,1,SAFE
701.03,77.24,0,DANGER
458.6,30.11,1,WARNING
678.84,50.26,1,DANGER
154.4,24.04,0,SAFE
181.93,21.58,1,SAFE
619.66,46.41,1,DANGER
185.89,27.98,0,SAFE
535.05,40.55,0,WARNING
84.87,29.21,0,SAFE
79.7,27.43,0,SAFE
75.63,22.05,0,SAFE
316.49,31.59,1,WARNING
145.78,19.67,1,SAFE
105.19,21.6,1,SAFE
817.55,75.68,1,DANGER
924.93,66.8,1,DANGER
422.21,35.79,1,WARNING
470.76,35.84,1,WARNING
255.31,24.15,0,SAFE
417.94,30.83,1,WARNING
154.35,27.07,1,SAFE
994.21,62.32,1,DANGER
413.1,33.54,1,WARNING
186.12,26.46,0,SAFE
138.99,29.76,0,SAFE
292.05,29.55,1,SAFE
121.43,20.21,0,SAFE
530.72,33.58,1,WARNING
525.55,37.92,0,WARNING
94.13,27.3,0,SAFE
230.86,25.59,0,SAFE
250.15,23.24,0,SAFE
243.88,18.14,1,SAFE
